stock_id,date,pred_return
000001,2026-03-09,0.5647466
000001,2026-03-10,0.56490564
000001,2026-03-11,0.55887926
000001,2026-03-12,0.5723795
000001,2026-03-13,0.5739769
000002,2026-03-09,0.5210911
000002,2026-03-10,0.52425325
000002,2026-03-11,0.51856875
000002,2026-03-12,0.48709187
000002,2026-03-13,0.51108336
000063,2026-03-09,0.53785515
000063,2026-03-10,0.57103884
000063,2026-03-11,0.5752704
000063,2026-03-12,0.6085042
000063,2026-03-13,0.61238396
000100,2026-03-09,0.49124655
000100,2026-03-10,0.49749306
000100,2026-03-11,0.5240785
000100,2026-03-12,0.55920005
000100,2026-03-13,0.5782745
000157,2026-03-09,0.57178235
000157,2026-03-10,0.5573628
000157,2026-03-11,0.54238725
000157,2026-03-12,0.4937531
000157,2026-03-13,0.5353534
000166,2026-03-09,0.56442016
000166,2026-03-10,0.5648882
000166,2026-03-11,0.5435214
000166,2026-03-12,0.57509357
000166,2026-03-13,0.55865026
000301,2026-03-09,0.6222521
000301,2026-03-10,0.62355685
000301,2026-03-11,0.5169312
000301,2026-03-12,0.50919306
000301,2026-03-13,0.5029532
000333,2026-03-09,0.5266787
000333,2026-03-10,0.5503864
000333,2026-03-11,0.5637162
000333,2026-03-12,0.5547863
000333,2026-03-13,0.53486717
000338,2026-03-09,0.49597457
000338,2026-03-10,0.4170552
000338,2026-03-11,0.40885663
000338,2026-03-12,0.4536758
000338,2026-03-13,0.44998905
000408,2026-03-09,0.65744746
000408,2026-03-10,0.608255
000408,2026-03-11,0.59601665
000408,2026-03-12,0.61729634
000408,2026-03-13,0.56908894
000425,2026-03-09,0.5269582
000425,2026-03-10,0.53494143
000425,2026-03-11,0.5086317
000425,2026-03-12,0.4459008
000425,2026-03-13,0.50612855
000538,2026-03-09,0.5688493
000538,2026-03-10,0.5662018
000538,2026-03-11,0.5572084
000538,2026-03-12,0.55871516
000538,2026-03-13,0.5477537
000568,2026-03-09,0.561167
000568,2026-03-10,0.56437755
000568,2026-03-11,0.5210087
000568,2026-03-12,0.50655854
000568,2026-03-13,0.50365305
000596,2026-03-09,0.60955095
000596,2026-03-10,0.58724827
000596,2026-03-11,0.55569744
000596,2026-03-12,0.5562662
000596,2026-03-13,0.5411172
000617,2026-03-09,0.5562285
000617,2026-03-10,0.54591674
000617,2026-03-11,0.51587176
000617,2026-03-12,0.52215874
000617,2026-03-13,0.533479
000625,2026-03-09,0.5435127
000625,2026-03-10,0.5489419
000625,2026-03-11,0.5558016
000625,2026-03-12,0.529371
000625,2026-03-13,0.5276966
000630,2026-03-09,0.51169974
000630,2026-03-10,0.45327595
000630,2026-03-11,0.443953
000630,2026-03-12,0.41333362
000630,2026-03-13,0.4583749
000651,2026-03-09,0.53116566
000651,2026-03-10,0.5373368
000651,2026-03-11,0.51363575
000651,2026-03-12,0.51699865
000651,2026-03-13,0.5030236
000661,2026-03-09,0.4299371
000661,2026-03-10,0.4686893
000661,2026-03-11,0.5088917
000661,2026-03-12,0.52269363
000661,2026-03-13,0.5260751
000708,2026-03-09,0.49277815
000708,2026-03-10,0.53976643
000708,2026-03-11,0.53352785
000708,2026-03-12,0.5416865
000708,2026-03-13,0.5341259
000725,2026-03-09,0.5070206
000725,2026-03-10,0.51492167
000725,2026-03-11,0.52764106
000725,2026-03-12,0.568644
000725,2026-03-13,0.56810296
000768,2026-03-09,0.55243075
000768,2026-03-10,0.5549579
000768,2026-03-11,0.54975355
000768,2026-03-12,0.568773
000768,2026-03-13,0.59748465
000776,2026-03-09,0.55772626
000776,2026-03-10,0.5671307
000776,2026-03-11,0.5329081
000776,2026-03-12,0.53206074
000776,2026-03-13,0.52716506
000786,2026-03-09,0.46558833
000786,2026-03-10,0.49412867
000786,2026-03-11,0.510186
000786,2026-03-12,0.51041555
000786,2026-03-13,0.48862514
000792,2026-03-09,0.46465752
000792,2026-03-10,0.4633598
000792,2026-03-11,0.52620006
000792,2026-03-12,0.5129012
000792,2026-03-13,0.4005791
000807,2026-03-09,0.4509989
000807,2026-03-10,0.41855124
000807,2026-03-11,0.41054198
000807,2026-03-12,0.38941324
000807,2026-03-13,0.44899765
000858,2026-03-09,0.5350821
000858,2026-03-10,0.53697
000858,2026-03-11,0.5164813
000858,2026-03-12,0.5147019
000858,2026-03-13,0.5380726
000876,2026-03-09,0.51980126
000876,2026-03-10,0.5301603
000876,2026-03-11,0.52740717
000876,2026-03-12,0.53261507
000876,2026-03-13,0.5413482
000895,2026-03-09,0.5285716
000895,2026-03-10,0.519558
000895,2026-03-11,0.5161755
000895,2026-03-12,0.5020353
000895,2026-03-13,0.527624
000938,2026-03-09,0.5745456
000938,2026-03-10,0.582206
000938,2026-03-11,0.57878566
000938,2026-03-12,0.4854875
000938,2026-03-13,0.49073997
000963,2026-03-09,0.53858024
000963,2026-03-10,0.5373025
000963,2026-03-11,0.5007442
000963,2026-03-12,0.5082396
000963,2026-03-13,0.5084064
000975,2026-03-09,0.5104823
000975,2026-03-10,0.3750807
000975,2026-03-11,0.31452072
000975,2026-03-12,0.32100987
000975,2026-03-13,0.28793967
000977,2026-03-09,0.5135929
000977,2026-03-10,0.5466775
000977,2026-03-11,0.5287066
000977,2026-03-12,0.46612
000977,2026-03-13,0.4592122
000983,2026-03-09,0.48097602
000983,2026-03-10,0.5017408
000983,2026-03-11,0.5304585
000983,2026-03-12,0.57134724
000983,2026-03-13,0.57680595
000999,2026-03-09,0.5362909
000999,2026-03-10,0.5251719
000999,2026-03-11,0.5139269
000999,2026-03-12,0.51025534
000999,2026-03-13,0.53010535
001391,2026-03-09,0.5544393
001391,2026-03-10,0.5806722
001391,2026-03-11,0.5503104
001391,2026-03-12,0.533337
001391,2026-03-13,0.52278453
001965,2026-03-09,0.6131562
001965,2026-03-10,0.61487675
001965,2026-03-11,0.5939169
001965,2026-03-12,0.5696479
001965,2026-03-13,0.5600668
001979,2026-03-09,0.5633826
001979,2026-03-10,0.565752
001979,2026-03-11,0.55144167
001979,2026-03-12,0.5434489
001979,2026-03-13,0.5252397
002001,2026-03-09,0.4347149
002001,2026-03-10,0.442322
002001,2026-03-11,0.4322617
002001,2026-03-12,0.44359836
002001,2026-03-13,0.4660783
002027,2026-03-09,0.53757524
002027,2026-03-10,0.5549662
002027,2026-03-11,0.5466397
002027,2026-03-12,0.5374236
002027,2026-03-13,0.53950524
002028,2026-03-09,0.4110972
002028,2026-03-10,0.48703033
002028,2026-03-11,0.51457226
002028,2026-03-12,0.50820065
002028,2026-03-13,0.53612626
002049,2026-03-09,0.5420449
002049,2026-03-10,0.54054236
002049,2026-03-11,0.5611404
002049,2026-03-12,0.5824682
002049,2026-03-13,0.5790584
002050,2026-03-09,0.60655594
002050,2026-03-10,0.5669868
002050,2026-03-11,0.57822883
002050,2026-03-12,0.55035686
002050,2026-03-13,0.58760816
002074,2026-03-09,0.6014374
002074,2026-03-10,0.6068725
002074,2026-03-11,0.5630317
002074,2026-03-12,0.5194572
002074,2026-03-13,0.541124
002142,2026-03-09,0.48884505
002142,2026-03-10,0.49939266
002142,2026-03-11,0.5053395
002142,2026-03-12,0.52684724
002142,2026-03-13,0.5461925
002179,2026-03-09,0.534937
002179,2026-03-10,0.57303154
002179,2026-03-11,0.55801284
002179,2026-03-12,0.5696038
002179,2026-03-13,0.5371832
002230,2026-03-09,0.53733337
002230,2026-03-10,0.5892987
002230,2026-03-11,0.57720125
002230,2026-03-12,0.5720537
002230,2026-03-13,0.55406404
002236,2026-03-09,0.5887883
002236,2026-03-10,0.59296596
002236,2026-03-11,0.5769644
002236,2026-03-12,0.5717608
002236,2026-03-13,0.5472748
002241,2026-03-09,0.5712924
002241,2026-03-10,0.5703414
002241,2026-03-11,0.5699596
002241,2026-03-12,0.6023073
002241,2026-03-13,0.6113144
002252,2026-03-09,0.5752522
002252,2026-03-10,0.57168925
002252,2026-03-11,0.5602087
002252,2026-03-12,0.5569066
002252,2026-03-13,0.5478973
002304,2026-03-09,0.53286654
002304,2026-03-10,0.5216359
002304,2026-03-11,0.497624
002304,2026-03-12,0.49224836
002304,2026-03-13,0.50713694
002311,2026-03-09,0.54040146
002311,2026-03-10,0.5503057
002311,2026-03-11,0.5368291
002311,2026-03-12,0.5539558
002311,2026-03-13,0.534886
002352,2026-03-09,0.5633014
002352,2026-03-10,0.57628405
002352,2026-03-11,0.5400435
002352,2026-03-12,0.53520167
002352,2026-03-13,0.53188944
002371,2026-03-09,0.56444836
002371,2026-03-10,0.5611217
002371,2026-03-11,0.5402903
002371,2026-03-12,0.51704717
002371,2026-03-13,0.53243196
002384,2026-03-09,0.53622234
002384,2026-03-10,0.5359608
002384,2026-03-11,0.57643586
002384,2026-03-12,0.4180711
002384,2026-03-13,0.42578876
002415,2026-03-09,0.58005023
002415,2026-03-10,0.5567446
002415,2026-03-11,0.5711273
002415,2026-03-12,0.5587968
002415,2026-03-13,0.55420303
002422,2026-03-09,0.52517045
002422,2026-03-10,0.4821282
002422,2026-03-11,0.47133973
002422,2026-03-12,0.5098486
002422,2026-03-13,0.52123785
002459,2026-03-09,0.5448642
002459,2026-03-10,0.5000465
002459,2026-03-11,0.46550867
002459,2026-03-12,0.4246856
002459,2026-03-13,0.38566813
002460,2026-03-09,0.56604666
002460,2026-03-10,0.55617964
002460,2026-03-11,0.5067034
002460,2026-03-12,0.5135032
002460,2026-03-13,0.4199678
002463,2026-03-09,0.5131284
002463,2026-03-10,0.4933624
002463,2026-03-11,0.44735563
002463,2026-03-12,0.36262977
002463,2026-03-13,0.293406
002466,2026-03-09,0.5927942
002466,2026-03-10,0.53439903
002466,2026-03-11,0.50243396
002466,2026-03-12,0.52181304
002466,2026-03-13,0.40856722
002475,2026-03-09,0.57601297
002475,2026-03-10,0.51768744
002475,2026-03-11,0.5488955
002475,2026-03-12,0.568115
002475,2026-03-13,0.5915934
002493,2026-03-09,0.6897714
002493,2026-03-10,0.67624307
002493,2026-03-11,0.6793004
002493,2026-03-12,0.7019427
002493,2026-03-13,0.6718018
002594,2026-03-09,0.47996876
002594,2026-03-10,0.43045744
002594,2026-03-11,0.4127153
002594,2026-03-12,0.40319294
002594,2026-03-13,0.4283699
002600,2026-03-09,0.58365774
002600,2026-03-10,0.57429266
002600,2026-03-11,0.57960707
002600,2026-03-12,0.59887165
002600,2026-03-13,0.61481214
002601,2026-03-09,0.6041976
002601,2026-03-10,0.54098356
002601,2026-03-11,0.5384171
002601,2026-03-12,0.5850638
002601,2026-03-13,0.54123104
002625,2026-03-09,0.5388478
002625,2026-03-10,0.5657865
002625,2026-03-11,0.55829775
002625,2026-03-12,0.51499903
002625,2026-03-13,0.52900493
002648,2026-03-09,0.47330967
002648,2026-03-10,0.43332565
002648,2026-03-11,0.42045268
002648,2026-03-12,0.45488322
002648,2026-03-13,0.56166804
002709,2026-03-09,0.5472598
002709,2026-03-10,0.59825146
002709,2026-03-11,0.46680304
002709,2026-03-12,0.51045763
002709,2026-03-13,0.49855316
002714,2026-03-09,0.4954329
002714,2026-03-10,0.48733783
002714,2026-03-11,0.47262898
002714,2026-03-12,0.45253164
002714,2026-03-13,0.46240512
002736,2026-03-09,0.5985825
002736,2026-03-10,0.60239196
002736,2026-03-11,0.5785979
002736,2026-03-12,0.5826128
002736,2026-03-13,0.5893564
002916,2026-03-09,0.4411599
002916,2026-03-10,0.47835943
002916,2026-03-11,0.47592118
002916,2026-03-12,0.47859582
002916,2026-03-13,0.46606654
002920,2026-03-09,0.58874154
002920,2026-03-10,0.5917785
002920,2026-03-11,0.59684646
002920,2026-03-12,0.5998503
002920,2026-03-13,0.58567405
002938,2026-03-09,0.55801296
002938,2026-03-10,0.51350284
002938,2026-03-11,0.53930175
002938,2026-03-12,0.6027953
002938,2026-03-13,0.617548
003816,2026-03-09,0.5092137
003816,2026-03-10,0.4840314
003816,2026-03-11,0.48864213
003816,2026-03-12,0.49960408
003816,2026-03-13,0.49320033
300014,2026-03-09,0.6245562
300014,2026-03-10,0.6100875
300014,2026-03-11,0.5823761
300014,2026-03-12,0.5709058
300014,2026-03-13,0.58109295
300015,2026-03-09,0.51730597
300015,2026-03-10,0.5387318
300015,2026-03-11,0.5182735
300015,2026-03-12,0.5124786
300015,2026-03-13,0.50470173
300033,2026-03-09,0.5651365
300033,2026-03-10,0.5553182
300033,2026-03-11,0.52216506
300033,2026-03-12,0.50060964
300033,2026-03-13,0.48160985
300059,2026-03-09,0.55681384
300059,2026-03-10,0.5728382
300059,2026-03-11,0.5600629
300059,2026-03-12,0.5366978
300059,2026-03-13,0.5166925
300122,2026-03-09,0.51075053
300122,2026-03-10,0.5235312
300122,2026-03-11,0.5353462
300122,2026-03-12,0.47331744
300122,2026-03-13,0.5079525
300124,2026-03-09,0.5682416
300124,2026-03-10,0.5622374
300124,2026-03-11,0.5469623
300124,2026-03-12,0.5234114
300124,2026-03-13,0.50954485
300251,2026-03-09,0.5007577
300251,2026-03-10,0.5254685
300251,2026-03-11,0.52637875
300251,2026-03-12,0.51483834
300251,2026-03-13,0.536796
300274,2026-03-09,0.49416217
300274,2026-03-10,0.41459036
300274,2026-03-11,0.44496158
300274,2026-03-12,0.4313749
300274,2026-03-13,0.46552795
300308,2026-03-09,0.43006143
300308,2026-03-10,0.47112685
300308,2026-03-11,0.44156238
300308,2026-03-12,0.52985847
300308,2026-03-13,0.54481614
300316,2026-03-09,0.61202025
300316,2026-03-10,0.5180348
300316,2026-03-11,0.657354
300316,2026-03-12,0.6760968
300316,2026-03-13,0.6896218
300347,2026-03-09,0.5662344
300347,2026-03-10,0.5252178
300347,2026-03-11,0.5406606
300347,2026-03-12,0.5544932
300347,2026-03-13,0.5317281
300394,2026-03-09,0.5834961
300394,2026-03-10,0.43966004
300394,2026-03-11,0.42062488
300394,2026-03-12,0.36520547
300394,2026-03-13,0.33654177
300408,2026-03-09,0.48655304
300408,2026-03-10,0.34470007
300408,2026-03-11,0.33713034
300408,2026-03-12,0.38321877
300408,2026-03-13,0.4511095
300413,2026-03-09,0.52831864
300413,2026-03-10,0.5588032
300413,2026-03-11,0.5362996
300413,2026-03-12,0.52850735
300413,2026-03-13,0.546368
300418,2026-03-09,0.542391
300418,2026-03-10,0.7449534
300418,2026-03-11,0.779786
300418,2026-03-12,0.77846587
300418,2026-03-13,0.76563203
300433,2026-03-09,0.5520134
300433,2026-03-10,0.5115831
300433,2026-03-11,0.519323
300433,2026-03-12,0.5820261
300433,2026-03-13,0.6260371
300442,2026-03-09,0.5156801
300442,2026-03-10,0.54344404
300442,2026-03-11,0.608502
300442,2026-03-12,0.5313982
300442,2026-03-13,0.5308292
300476,2026-03-09,0.52931726
300476,2026-03-10,0.4725565
300476,2026-03-11,0.44006106
300476,2026-03-12,0.43753648
300476,2026-03-13,0.37103006
300498,2026-03-09,0.41838536
300498,2026-03-10,0.4403523
300498,2026-03-11,0.4548751
300498,2026-03-12,0.45783925
300498,2026-03-13,0.48677096
300502,2026-03-09,0.38451442
300502,2026-03-10,0.37127897
300502,2026-03-11,0.41126385
300502,2026-03-12,0.5705061
300502,2026-03-13,0.5237514
300628,2026-03-09,0.5976174
300628,2026-03-10,0.60592043
300628,2026-03-11,0.6065979
300628,2026-03-12,0.6049975
300628,2026-03-13,0.58099425
300661,2026-03-09,0.51960075
300661,2026-03-10,0.5786983
300661,2026-03-11,0.5390599
300661,2026-03-12,0.49168023
300661,2026-03-13,0.45784253
300750,2026-03-09,0.5264797
300750,2026-03-10,0.5383946
300750,2026-03-11,0.4930276
300750,2026-03-12,0.5097611
300750,2026-03-13,0.37750545
300759,2026-03-09,0.53365064
300759,2026-03-10,0.5188875
300759,2026-03-11,0.51759356
300759,2026-03-12,0.47553203
300759,2026-03-13,0.54431474
300760,2026-03-09,0.5797064
300760,2026-03-10,0.5779195
300760,2026-03-11,0.5608501
300760,2026-03-12,0.5397506
300760,2026-03-13,0.51743627
300782,2026-03-09,0.47083643
300782,2026-03-10,0.5045041
300782,2026-03-11,0.46542963
300782,2026-03-12,0.53291106
300782,2026-03-13,0.5409006
300803,2026-03-09,0.59438837
300803,2026-03-10,0.5869761
300803,2026-03-11,0.55699664
300803,2026-03-12,0.55408144
300803,2026-03-13,0.56170356
300832,2026-03-09,0.5098281
300832,2026-03-10,0.49576148
300832,2026-03-11,0.46413657
300832,2026-03-12,0.46242264
300832,2026-03-13,0.474351
300866,2026-03-09,0.6244608
300866,2026-03-10,0.5486944
300866,2026-03-11,0.5144254
300866,2026-03-12,0.4708218
300866,2026-03-13,0.47271028
300896,2026-03-09,0.48085746
300896,2026-03-10,0.49037233
300896,2026-03-11,0.5199079
300896,2026-03-12,0.51992273
300896,2026-03-13,0.52692914
300979,2026-03-09,0.52828526
300979,2026-03-10,0.55341506
300979,2026-03-11,0.5815345
300979,2026-03-12,0.56253505
300979,2026-03-13,0.5521009
300999,2026-03-09,0.5398785
300999,2026-03-10,0.5814426
300999,2026-03-11,0.5455365
300999,2026-03-12,0.5192534
300999,2026-03-13,0.53388786
301236,2026-03-09,0.6007709
301236,2026-03-10,0.5623101
301236,2026-03-11,0.5098504
301236,2026-03-12,0.48876652
301236,2026-03-13,0.47465923
301269,2026-03-09,0.55648506
301269,2026-03-10,0.5674398
301269,2026-03-11,0.5777488
301269,2026-03-12,0.5759374
301269,2026-03-13,0.55241835
302132,2026-03-09,0.52719975
302132,2026-03-10,0.5466627
302132,2026-03-11,0.51225954
302132,2026-03-12,0.48710972
302132,2026-03-13,0.46478835
600000,2026-03-09,0.6142236
600000,2026-03-10,0.6296663
600000,2026-03-11,0.6342516
600000,2026-03-12,0.6271771
600000,2026-03-13,0.6364771
600009,2026-03-09,0.51950455
600009,2026-03-10,0.5462837
600009,2026-03-11,0.5123743
600009,2026-03-12,0.5120534
600009,2026-03-13,0.5046067
600010,2026-03-09,0.33680606
600010,2026-03-10,0.36466154
600010,2026-03-11,0.51149654
600010,2026-03-12,0.6031884
600010,2026-03-13,0.52596605
600011,2026-03-09,0.4879544
600011,2026-03-10,0.4982511
600011,2026-03-11,0.4942766
600011,2026-03-12,0.46825776
600011,2026-03-13,0.47601113
600015,2026-03-09,0.55777943
600015,2026-03-10,0.56431544
600015,2026-03-11,0.5455151
600015,2026-03-12,0.570778
600015,2026-03-13,0.5656374
600016,2026-03-09,0.5463911
600016,2026-03-10,0.5598798
600016,2026-03-11,0.55658185
600016,2026-03-12,0.5870694
600016,2026-03-13,0.5850737
600018,2026-03-09,0.5902332
600018,2026-03-10,0.58387065
600018,2026-03-11,0.5903071
600018,2026-03-12,0.6239908
600018,2026-03-13,0.6114552
600019,2026-03-09,0.5181234
600019,2026-03-10,0.49247026
600019,2026-03-11,0.49585694
600019,2026-03-12,0.5213412
600019,2026-03-13,0.5405164
600023,2026-03-09,0.44004604
600023,2026-03-10,0.47401702
600023,2026-03-11,0.49622053
600023,2026-03-12,0.46750447
600023,2026-03-13,0.46934238
600025,2026-03-09,0.46614143
600025,2026-03-10,0.43832758
600025,2026-03-11,0.43727443
600025,2026-03-12,0.447399
600025,2026-03-13,0.4842591
600026,2026-03-09,0.3911458
600026,2026-03-10,0.38749263
600026,2026-03-11,0.32477304
600026,2026-03-12,0.2713248
600026,2026-03-13,0.21936272
600027,2026-03-09,0.4679841
600027,2026-03-10,0.49436167
600027,2026-03-11,0.5003902
600027,2026-03-12,0.46665546
600027,2026-03-13,0.46429053
600028,2026-03-09,0.4732345
600028,2026-03-10,0.51901305
600028,2026-03-11,0.48485866
600028,2026-03-12,0.4414495
600028,2026-03-13,0.46130466
600029,2026-03-09,0.5866958
600029,2026-03-10,0.57762426
600029,2026-03-11,0.5604471
600029,2026-03-12,0.56271565
600029,2026-03-13,0.6139524
600030,2026-03-09,0.5485966
600030,2026-03-10,0.5576612
600030,2026-03-11,0.53055316
600030,2026-03-12,0.5251172
600030,2026-03-13,0.5148201
600031,2026-03-09,0.52845836
600031,2026-03-10,0.5312779
600031,2026-03-11,0.5325906
600031,2026-03-12,0.542426
600031,2026-03-13,0.5639421
600036,2026-03-09,0.5569299
600036,2026-03-10,0.5482055
600036,2026-03-11,0.55695516
600036,2026-03-12,0.56209075
600036,2026-03-13,0.5911064
600039,2026-03-09,0.52472734
600039,2026-03-10,0.5298747
600039,2026-03-11,0.49498227
600039,2026-03-12,0.49799344
600039,2026-03-13,0.508911
600048,2026-03-09,0.5069778
600048,2026-03-10,0.51639986
600048,2026-03-11,0.52665305
600048,2026-03-12,0.5354395
600048,2026-03-13,0.5474309
600050,2026-03-09,0.58294773
600050,2026-03-10,0.55577314
600050,2026-03-11,0.5757251
600050,2026-03-12,0.55615723
600050,2026-03-13,0.5454005
600061,2026-03-09,0.5443717
600061,2026-03-10,0.5336473
600061,2026-03-11,0.5254371
600061,2026-03-12,0.52868116
600061,2026-03-13,0.5171654
600066,2026-03-09,0.47987458
600066,2026-03-10,0.5168214
600066,2026-03-11,0.5773866
600066,2026-03-12,0.55536294
600066,2026-03-13,0.55445015
600085,2026-03-09,0.5335469
600085,2026-03-10,0.5529841
600085,2026-03-11,0.53121114
600085,2026-03-12,0.5222367
600085,2026-03-13,0.5114248
600089,2026-03-09,0.3725431
600089,2026-03-10,0.4026731
600089,2026-03-11,0.4550193
600089,2026-03-12,0.4968197
600089,2026-03-13,0.5055442
600104,2026-03-09,0.55998504
600104,2026-03-10,0.5678656
600104,2026-03-11,0.59687793
600104,2026-03-12,0.5999644
600104,2026-03-13,0.55590415
600111,2026-03-09,0.42436326
600111,2026-03-10,0.36420238
600111,2026-03-11,0.45130023
600111,2026-03-12,0.5172752
600111,2026-03-13,0.527481
600115,2026-03-09,0.6625091
600115,2026-03-10,0.6936159
600115,2026-03-11,0.62547946
600115,2026-03-12,0.61671966
600115,2026-03-13,0.6529155
600150,2026-03-09,0.52996266
600150,2026-03-10,0.5878879
600150,2026-03-11,0.5744
600150,2026-03-12,0.553105
600150,2026-03-13,0.5123203
600160,2026-03-09,0.5282129
600160,2026-03-10,0.56212795
600160,2026-03-11,0.5375842
600160,2026-03-12,0.5184133
600160,2026-03-13,0.50682235
600161,2026-03-09,0.6001129
600161,2026-03-10,0.5777807
600161,2026-03-11,0.57957685
600161,2026-03-12,0.5780236
600161,2026-03-13,0.5608233
600176,2026-03-09,0.5527853
600176,2026-03-10,0.4978232
600176,2026-03-11,0.4735811
600176,2026-03-12,0.49914297
600176,2026-03-13,0.53765106
600183,2026-03-09,0.65048134
600183,2026-03-10,0.64056337
600183,2026-03-11,0.6433836
600183,2026-03-12,0.6391609
600183,2026-03-13,0.65751433
600188,2026-03-09,0.3572688
600188,2026-03-10,0.37250304
600188,2026-03-11,0.37051332
600188,2026-03-12,0.41221997
600188,2026-03-13,0.43145046
600196,2026-03-09,0.5411358
600196,2026-03-10,0.5621512
600196,2026-03-11,0.53844666
600196,2026-03-12,0.53313196
600196,2026-03-13,0.50934374
600219,2026-03-09,0.490594
600219,2026-03-10,0.4521481
600219,2026-03-11,0.48130742
600219,2026-03-12,0.42787686
600219,2026-03-13,0.4844812
600233,2026-03-09,0.4534149
600233,2026-03-10,0.4692905
600233,2026-03-11,0.4722441
600233,2026-03-12,0.45362607
600233,2026-03-13,0.3736346
600276,2026-03-09,0.533823
600276,2026-03-10,0.5197102
600276,2026-03-11,0.4973065
600276,2026-03-12,0.50537014
600276,2026-03-13,0.47559968
600309,2026-03-09,0.5581374
600309,2026-03-10,0.5077616
600309,2026-03-11,0.4909925
600309,2026-03-12,0.42904404
600309,2026-03-13,0.40438
600346,2026-03-09,0.6952754
600346,2026-03-10,0.6078005
600346,2026-03-11,0.5397396
600346,2026-03-12,0.49706906
600346,2026-03-13,0.5594109
600362,2026-03-09,0.51681566
600362,2026-03-10,0.50842106
600362,2026-03-11,0.50153464
600362,2026-03-12,0.5318887
600362,2026-03-13,0.5554354
600372,2026-03-09,0.6175469
600372,2026-03-10,0.59933996
600372,2026-03-11,0.6432544
600372,2026-03-12,0.6497874
600372,2026-03-13,0.6358391
600377,2026-03-09,0.57174325
600377,2026-03-10,0.56809366
600377,2026-03-11,0.5719031
600377,2026-03-12,0.5734649
600377,2026-03-13,0.5583252
600406,2026-03-09,0.3610524
600406,2026-03-10,0.4165037
600406,2026-03-11,0.4432695
600406,2026-03-12,0.43186462
600406,2026-03-13,0.48344436
600415,2026-03-09,0.5569709
600415,2026-03-10,0.5481476
600415,2026-03-11,0.5347066
600415,2026-03-12,0.513597
600415,2026-03-13,0.49925265
600426,2026-03-09,0.57464075
600426,2026-03-10,0.4219275
600426,2026-03-11,0.5191581
600426,2026-03-12,0.47545576
600426,2026-03-13,0.44650304
600436,2026-03-09,0.48638216
600436,2026-03-10,0.5047755
600436,2026-03-11,0.47550675
600436,2026-03-12,0.4785469
600436,2026-03-13,0.4714947
600438,2026-03-09,0.46272567
600438,2026-03-10,0.48542306
600438,2026-03-11,0.46329004
600438,2026-03-12,0.28785342
600438,2026-03-13,0.4512965
600460,2026-03-09,0.50174713
600460,2026-03-10,0.4781833
600460,2026-03-11,0.517715
600460,2026-03-12,0.57562137
600460,2026-03-13,0.612648
600482,2026-03-09,0.42885926
600482,2026-03-10,0.5331991
600482,2026-03-11,0.5384959
600482,2026-03-12,0.6418377
600482,2026-03-13,0.65569997
600489,2026-03-09,0.48810127
600489,2026-03-10,0.45724517
600489,2026-03-11,0.44383153
600489,2026-03-12,0.47125587
600489,2026-03-13,0.47394368
600515,2026-03-09,0.5698972
600515,2026-03-10,0.5758889
600515,2026-03-11,0.5533667
600515,2026-03-12,0.5315857
600515,2026-03-13,0.5343159
600519,2026-03-09,0.50930667
600519,2026-03-10,0.5146682
600519,2026-03-11,0.5057131
600519,2026-03-12,0.48950857
600519,2026-03-13,0.51272774
600522,2026-03-09,0.6072858
600522,2026-03-10,0.52768934
600522,2026-03-11,0.46142185
600522,2026-03-12,0.36396262
600522,2026-03-13,0.26955366
600547,2026-03-09,0.50090003
600547,2026-03-10,0.4717379
600547,2026-03-11,0.4467784
600547,2026-03-12,0.4391692
600547,2026-03-13,0.46970978
600570,2026-03-09,0.569165
600570,2026-03-10,0.5713388
600570,2026-03-11,0.5500854
600570,2026-03-12,0.5431928
600570,2026-03-13,0.53140616
600584,2026-03-09,0.7002045
600584,2026-03-10,0.6866044
600584,2026-03-11,0.6715578
600584,2026-03-12,0.6684545
600584,2026-03-13,0.65530634
600585,2026-03-09,0.5422571
600585,2026-03-10,0.5589905
600585,2026-03-11,0.58639264
600585,2026-03-12,0.56737745
600585,2026-03-13,0.58749187
600588,2026-03-09,0.5436057
600588,2026-03-10,0.57799065
600588,2026-03-11,0.56775177
600588,2026-03-12,0.56796956
600588,2026-03-13,0.5848465
600600,2026-03-09,0.5395528
600600,2026-03-10,0.55744684
600600,2026-03-11,0.54498255
600600,2026-03-12,0.55153143
600600,2026-03-13,0.5628191
600660,2026-03-09,0.5424838
600660,2026-03-10,0.574824
600660,2026-03-11,0.5893227
600660,2026-03-12,0.58665013
600660,2026-03-13,0.58169115
600674,2026-03-09,0.42132643
600674,2026-03-10,0.40045655
600674,2026-03-11,0.43933564
600674,2026-03-12,0.43681884
600674,2026-03-13,0.4939434
600690,2026-03-09,0.57066715
600690,2026-03-10,0.5882486
600690,2026-03-11,0.60415125
600690,2026-03-12,0.5951958
600690,2026-03-13,0.5932236
600741,2026-03-09,0.59417546
600741,2026-03-10,0.6058054
600741,2026-03-11,0.5984695
600741,2026-03-12,0.5941906
600741,2026-03-13,0.59870994
600760,2026-03-09,0.50357723
600760,2026-03-10,0.5121113
600760,2026-03-11,0.48556796
600760,2026-03-12,0.4699959
600760,2026-03-13,0.45793834
600795,2026-03-09,0.46120113
600795,2026-03-10,0.46674734
600795,2026-03-11,0.47695786
600795,2026-03-12,0.47449955
600795,2026-03-13,0.49649423
600803,2026-03-09,0.47449857
600803,2026-03-10,0.56745183
600803,2026-03-11,0.5518596
600803,2026-03-12,0.5070213
600803,2026-03-13,0.46685612
600809,2026-03-09,0.55383646
600809,2026-03-10,0.5371131
600809,2026-03-11,0.48683512
600809,2026-03-12,0.47893357
600809,2026-03-13,0.51057756
600845,2026-03-09,0.5768881
600845,2026-03-10,0.5903255
600845,2026-03-11,0.55233335
600845,2026-03-12,0.53030205
600845,2026-03-13,0.46645045
600875,2026-03-09,0.49697515
600875,2026-03-10,0.564996
600875,2026-03-11,0.6162777
600875,2026-03-12,0.66673625
600875,2026-03-13,0.75133944
600886,2026-03-09,0.44366065
600886,2026-03-10,0.38713172
600886,2026-03-11,0.42514977
600886,2026-03-12,0.43516004
600886,2026-03-13,0.4470375
600887,2026-03-09,0.55217737
600887,2026-03-10,0.56050634
600887,2026-03-11,0.5321106
600887,2026-03-12,0.55769074
600887,2026-03-13,0.5478442
600893,2026-03-09,0.18529801
600893,2026-03-10,0.16343334
600893,2026-03-11,0.3472322
600893,2026-03-12,0.41245794
600893,2026-03-13,0.4878026
600900,2026-03-09,0.5005704
600900,2026-03-10,0.49827668
600900,2026-03-11,0.5025854
600900,2026-03-12,0.53188396
600900,2026-03-13,0.55283594
600905,2026-03-09,0.4877642
600905,2026-03-10,0.4723005
600905,2026-03-11,0.43445608
600905,2026-03-12,0.45625338
600905,2026-03-13,0.46670538
600918,2026-03-09,0.52857614
600918,2026-03-10,0.5445725
600918,2026-03-11,0.5363971
600918,2026-03-12,0.55744076
600918,2026-03-13,0.53691447
600919,2026-03-09,0.5245707
600919,2026-03-10,0.5128089
600919,2026-03-11,0.53138274
600919,2026-03-12,0.5519662
600919,2026-03-13,0.5667602
600926,2026-03-09,0.5633346
600926,2026-03-10,0.55253565
600926,2026-03-11,0.58094144
600926,2026-03-12,0.58500314
600926,2026-03-13,0.5988801
600930,2026-03-09,0.48149595
600930,2026-03-10,0.4882978
600930,2026-03-11,0.44325486
600930,2026-03-12,0.4803094
600930,2026-03-13,0.3289013
600938,2026-03-09,0.39682946
600938,2026-03-10,0.38050526
600938,2026-03-11,0.39312917
600938,2026-03-12,0.42198843
600938,2026-03-13,0.48936692
600941,2026-03-09,0.5626558
600941,2026-03-10,0.56877244
600941,2026-03-11,0.59327424
600941,2026-03-12,0.5789529
600941,2026-03-13,0.56679547
600958,2026-03-09,0.5388166
600958,2026-03-10,0.5266494
600958,2026-03-11,0.50540364
600958,2026-03-12,0.49992397
600958,2026-03-13,0.49832562
600989,2026-03-09,0.4155573
600989,2026-03-10,0.34954798
600989,2026-03-11,0.4606552
600989,2026-03-12,0.4506918
600989,2026-03-13,0.40181872
600999,2026-03-09,0.56424236
600999,2026-03-10,0.5699549
600999,2026-03-11,0.5475052
600999,2026-03-12,0.5259408
600999,2026-03-13,0.52178735
601006,2026-03-09,0.55391914
601006,2026-03-10,0.53624886
601006,2026-03-11,0.5403148
601006,2026-03-12,0.5456282
601006,2026-03-13,0.54995525
601009,2026-03-09,0.55783975
601009,2026-03-10,0.5508512
601009,2026-03-11,0.53873324
601009,2026-03-12,0.54555154
601009,2026-03-13,0.558592
601012,2026-03-09,0.5656273
601012,2026-03-10,0.56055033
601012,2026-03-11,0.5618496
601012,2026-03-12,0.5338919
601012,2026-03-13,0.49185824
601018,2026-03-09,0.5206567
601018,2026-03-10,0.51451725
601018,2026-03-11,0.5323069
601018,2026-03-12,0.5633818
601018,2026-03-13,0.59339786
601021,2026-03-09,0.60134196
601021,2026-03-10,0.57526845
601021,2026-03-11,0.5288402
601021,2026-03-12,0.54025304
601021,2026-03-13,0.5735022
601058,2026-03-09,0.53330064
601058,2026-03-10,0.50517833
601058,2026-03-11,0.5067401
601058,2026-03-12,0.5452328
601058,2026-03-13,0.5544274
601059,2026-03-09,0.5566118
601059,2026-03-10,0.56711316
601059,2026-03-11,0.5350135
601059,2026-03-12,0.5085887
601059,2026-03-13,0.5158265
601066,2026-03-09,0.5478432
601066,2026-03-10,0.5577431
601066,2026-03-11,0.5472208
601066,2026-03-12,0.54326284
601066,2026-03-13,0.53266335
601077,2026-03-09,0.5006849
601077,2026-03-10,0.4880634
601077,2026-03-11,0.49888632
601077,2026-03-12,0.5124633
601077,2026-03-13,0.5356753
601088,2026-03-09,0.42594466
601088,2026-03-10,0.3951895
601088,2026-03-11,0.43829486
601088,2026-03-12,0.4560502
601088,2026-03-13,0.48157698
601100,2026-03-09,0.5157365
601100,2026-03-10,0.46290365
601100,2026-03-11,0.43959305
601100,2026-03-12,0.4360409
601100,2026-03-13,0.4617858
601111,2026-03-09,0.6300267
601111,2026-03-10,0.6312225
601111,2026-03-11,0.5542102
601111,2026-03-12,0.51422495
601111,2026-03-13,0.53973234
601117,2026-03-09,0.49420893
601117,2026-03-10,0.51165247
601117,2026-03-11,0.5350338
601117,2026-03-12,0.5129925
601117,2026-03-13,0.50388527
601127,2026-03-09,0.5676843
601127,2026-03-10,0.54922104
601127,2026-03-11,0.5442562
601127,2026-03-12,0.561577
601127,2026-03-13,0.5940236
601136,2026-03-09,0.5658996
601136,2026-03-10,0.55389977
601136,2026-03-11,0.54185355
601136,2026-03-12,0.5451784
601136,2026-03-13,0.5230417
601138,2026-03-09,0.5439339
601138,2026-03-10,0.54098094
601138,2026-03-11,0.5353577
601138,2026-03-12,0.54389083
601138,2026-03-13,0.5577849
601166,2026-03-09,0.5556357
601166,2026-03-10,0.5653209
601166,2026-03-11,0.5779234
601166,2026-03-12,0.5884321
601166,2026-03-13,0.5930543
601169,2026-03-09,0.5640435
601169,2026-03-10,0.5588528
601169,2026-03-11,0.56744313
601169,2026-03-12,0.58841515
601169,2026-03-13,0.59020436
601186,2026-03-09,0.52996516
601186,2026-03-10,0.5421933
601186,2026-03-11,0.5544553
601186,2026-03-12,0.55449975
601186,2026-03-13,0.49655136
601211,2026-03-09,0.536553
601211,2026-03-10,0.5444131
601211,2026-03-11,0.5142417
601211,2026-03-12,0.5062839
601211,2026-03-13,0.508276
601225,2026-03-09,0.3837223
601225,2026-03-10,0.35565776
601225,2026-03-11,0.38505992
601225,2026-03-12,0.46702898
601225,2026-03-13,0.47912708
601229,2026-03-09,0.51629186
601229,2026-03-10,0.5162406
601229,2026-03-11,0.52275443
601229,2026-03-12,0.5240345
601229,2026-03-13,0.5671694
601236,2026-03-09,0.5562445
601236,2026-03-10,0.58110774
601236,2026-03-11,0.55449104
601236,2026-03-12,0.551216
601236,2026-03-13,0.552294
601238,2026-03-09,0.5515959
601238,2026-03-10,0.55853045
601238,2026-03-11,0.5811956
601238,2026-03-12,0.5477551
601238,2026-03-13,0.55620396
601288,2026-03-09,0.55397487
601288,2026-03-10,0.50795233
601288,2026-03-11,0.49221495
601288,2026-03-12,0.47940165
601288,2026-03-13,0.5094732
601298,2026-03-09,0.5649897
601298,2026-03-10,0.54834604
601298,2026-03-11,0.53807867
601298,2026-03-12,0.5523379
601298,2026-03-13,0.5513619
601318,2026-03-09,0.57208455
601318,2026-03-10,0.5836836
601318,2026-03-11,0.57144606
601318,2026-03-12,0.540471
601318,2026-03-13,0.52904105
601319,2026-03-09,0.59479356
601319,2026-03-10,0.59418595
601319,2026-03-11,0.5523802
601319,2026-03-12,0.5195518
601319,2026-03-13,0.5004297
601328,2026-03-09,0.5695561
601328,2026-03-10,0.5357069
601328,2026-03-11,0.534219
601328,2026-03-12,0.53214204
601328,2026-03-13,0.57652795
601336,2026-03-09,0.5906329
601336,2026-03-10,0.5841553
601336,2026-03-11,0.55388045
601336,2026-03-12,0.5445009
601336,2026-03-13,0.5258113
601360,2026-03-09,0.42014512
601360,2026-03-10,0.4802766
601360,2026-03-11,0.5099014
601360,2026-03-12,0.4629947
601360,2026-03-13,0.46949968
601377,2026-03-09,0.5357803
601377,2026-03-10,0.5355794
601377,2026-03-11,0.51698154
601377,2026-03-12,0.5116823
601377,2026-03-13,0.49698016
601390,2026-03-09,0.5770917
601390,2026-03-10,0.54196674
601390,2026-03-11,0.5066713
601390,2026-03-12,0.49574095
601390,2026-03-13,0.49857128
601398,2026-03-09,0.5532228
601398,2026-03-10,0.5192038
601398,2026-03-11,0.51096994
601398,2026-03-12,0.5205428
601398,2026-03-13,0.55116045
601456,2026-03-09,0.5362432
601456,2026-03-10,0.54861164
601456,2026-03-11,0.542601
601456,2026-03-12,0.54310584
601456,2026-03-13,0.5128595
601600,2026-03-09,0.42837793
601600,2026-03-10,0.41509458
601600,2026-03-11,0.39556846
601600,2026-03-12,0.42068407
601600,2026-03-13,0.47727248
601601,2026-03-09,0.57477
601601,2026-03-10,0.5457991
601601,2026-03-11,0.5143539
601601,2026-03-12,0.5064535
601601,2026-03-13,0.5159329
601607,2026-03-09,0.558975
601607,2026-03-10,0.54998267
601607,2026-03-11,0.53856206
601607,2026-03-12,0.5559845
601607,2026-03-13,0.565192
601618,2026-03-09,0.53767395
601618,2026-03-10,0.55249375
601618,2026-03-11,0.5427165
601618,2026-03-12,0.54949975
601618,2026-03-13,0.5298873
601628,2026-03-09,0.5706661
601628,2026-03-10,0.5536602
601628,2026-03-11,0.51770175
601628,2026-03-12,0.4897718
601628,2026-03-13,0.48181444
601633,2026-03-09,0.5455587
601633,2026-03-10,0.5482285
601633,2026-03-11,0.5529505
601633,2026-03-12,0.5518051
601633,2026-03-13,0.4976997
601658,2026-03-09,0.5593816
601658,2026-03-10,0.5599799
601658,2026-03-11,0.5640483
601658,2026-03-12,0.58238924
601658,2026-03-13,0.58835185
601668,2026-03-09,0.56874275
601668,2026-03-10,0.5762336
601668,2026-03-11,0.5949065
601668,2026-03-12,0.58388937
601668,2026-03-13,0.6003349
601669,2026-03-09,0.49788192
601669,2026-03-10,0.4383168
601669,2026-03-11,0.3680507
601669,2026-03-12,0.3528841
601669,2026-03-13,0.36614656
601688,2026-03-09,0.55265737
601688,2026-03-10,0.5481336
601688,2026-03-11,0.51345927
601688,2026-03-12,0.5170877
601688,2026-03-13,0.52348125
601689,2026-03-09,0.5439992
601689,2026-03-10,0.50983906
601689,2026-03-11,0.51804125
601689,2026-03-12,0.5341147
601689,2026-03-13,0.5387519
601698,2026-03-09,0.5445399
601698,2026-03-10,0.4951308
601698,2026-03-11,0.5109867
601698,2026-03-12,0.53678435
601698,2026-03-13,0.5107609
601728,2026-03-09,0.52793
601728,2026-03-10,0.49196076
601728,2026-03-11,0.495656
601728,2026-03-12,0.49917388
601728,2026-03-13,0.48430505
601766,2026-03-09,0.542398
601766,2026-03-10,0.5537199
601766,2026-03-11,0.5663328
601766,2026-03-12,0.56142426
601766,2026-03-13,0.568066
601788,2026-03-09,0.542643
601788,2026-03-10,0.5472924
601788,2026-03-11,0.5103922
601788,2026-03-12,0.50860083
601788,2026-03-13,0.49582788
601800,2026-03-09,0.5948224
601800,2026-03-10,0.60945857
601800,2026-03-11,0.6098144
601800,2026-03-12,0.59992
601800,2026-03-13,0.5089059
601808,2026-03-09,0.44069126
601808,2026-03-10,0.5999893
601808,2026-03-11,0.52337134
601808,2026-03-12,0.4747046
601808,2026-03-13,0.5088588
601816,2026-03-09,0.5402715
601816,2026-03-10,0.5381276
601816,2026-03-11,0.5298538
601816,2026-03-12,0.5531355
601816,2026-03-13,0.5730387
601818,2026-03-09,0.57625
601818,2026-03-10,0.56389666
601818,2026-03-11,0.57075274
601818,2026-03-12,0.59760135
601818,2026-03-13,0.60160154
601825,2026-03-09,0.5710056
601825,2026-03-10,0.57791793
601825,2026-03-11,0.5543363
601825,2026-03-12,0.5882337
601825,2026-03-13,0.5914964
601838,2026-03-09,0.5132993
601838,2026-03-10,0.5100789
601838,2026-03-11,0.5288843
601838,2026-03-12,0.5248548
601838,2026-03-13,0.557024
601857,2026-03-09,0.38275272
601857,2026-03-10,0.5247604
601857,2026-03-11,0.51550186
601857,2026-03-12,0.48057005
601857,2026-03-13,0.5183971
601868,2026-03-09,0.49175456
601868,2026-03-10,0.32380274
601868,2026-03-11,0.39195833
601868,2026-03-12,0.46576822
601868,2026-03-13,0.3325799
601872,2026-03-09,0.48382977
601872,2026-03-10,0.5758413
601872,2026-03-11,0.46817255
601872,2026-03-12,0.36074364
601872,2026-03-13,0.27034587
601877,2026-03-09,0.46596882
601877,2026-03-10,0.4967511
601877,2026-03-11,0.5281048
601877,2026-03-12,0.5893948
601877,2026-03-13,0.6093354
601878,2026-03-09,0.5475192
601878,2026-03-10,0.54665613
601878,2026-03-11,0.5387809
601878,2026-03-12,0.54507446
601878,2026-03-13,0.52113056
601881,2026-03-09,0.5463061
601881,2026-03-10,0.5532999
601881,2026-03-11,0.51536214
601881,2026-03-12,0.50131214
601881,2026-03-13,0.5120498
601888,2026-03-09,0.6086278
601888,2026-03-10,0.6136312
601888,2026-03-11,0.573939
601888,2026-03-12,0.5334807
601888,2026-03-13,0.53610027
601898,2026-03-09,0.40541613
601898,2026-03-10,0.37351108
601898,2026-03-11,0.41953832
601898,2026-03-12,0.45372966
601898,2026-03-13,0.5210488
601899,2026-03-09,0.5492629
601899,2026-03-10,0.5544152
601899,2026-03-11,0.5707958
601899,2026-03-12,0.6029904
601899,2026-03-13,0.5961961
601901,2026-03-09,0.53729534
601901,2026-03-10,0.54200625
601901,2026-03-11,0.5223031
601901,2026-03-12,0.5353354
601901,2026-03-13,0.53040075
601916,2026-03-09,0.5616857
601916,2026-03-10,0.5597675
601916,2026-03-11,0.5681371
601916,2026-03-12,0.5821626
601916,2026-03-13,0.57551193
601919,2026-03-09,0.48347875
601919,2026-03-10,0.6035944
601919,2026-03-11,0.5569636
601919,2026-03-12,0.5371983
601919,2026-03-13,0.5725057
601939,2026-03-09,0.5351502
601939,2026-03-10,0.5082655
601939,2026-03-11,0.51277745
601939,2026-03-12,0.52354765
601939,2026-03-13,0.54648864
601985,2026-03-09,0.48705098
601985,2026-03-10,0.48085016
601985,2026-03-11,0.50649345
601985,2026-03-12,0.52444947
601985,2026-03-13,0.516837
601988,2026-03-09,0.5792703
601988,2026-03-10,0.5480076
601988,2026-03-11,0.52743256
601988,2026-03-12,0.53517944
601988,2026-03-13,0.56545806
601995,2026-03-09,0.5688314
601995,2026-03-10,0.5616214
601995,2026-03-11,0.5408548
601995,2026-03-12,0.5304295
601995,2026-03-13,0.5343048
601998,2026-03-09,0.57148826
601998,2026-03-10,0.578752
601998,2026-03-11,0.55734575
601998,2026-03-12,0.58356386
601998,2026-03-13,0.6140816
603019,2026-03-09,0.5287541
603019,2026-03-10,0.53295237
603019,2026-03-11,0.5355338
603019,2026-03-12,0.44829175
603019,2026-03-13,0.5246407
603195,2026-03-09,0.554723
603195,2026-03-10,0.5894165
603195,2026-03-11,0.5891366
603195,2026-03-12,0.57759
603195,2026-03-13,0.5786511
603259,2026-03-09,0.5443443
603259,2026-03-10,0.5302482
603259,2026-03-11,0.5252284
603259,2026-03-12,0.53051794
603259,2026-03-13,0.5190078
603260,2026-03-09,0.546953
603260,2026-03-10,0.5622312
603260,2026-03-11,0.56837094
603260,2026-03-12,0.5554614
603260,2026-03-13,0.555344
603288,2026-03-09,0.56700647
603288,2026-03-10,0.5616902
603288,2026-03-11,0.54741323
603288,2026-03-12,0.53185236
603288,2026-03-13,0.51764524
603296,2026-03-09,0.58123064
603296,2026-03-10,0.5886893
603296,2026-03-11,0.6075356
603296,2026-03-12,0.5865511
603296,2026-03-13,0.58312964
603369,2026-03-09,0.5097581
603369,2026-03-10,0.52139115
603369,2026-03-11,0.50586236
603369,2026-03-12,0.49788558
603369,2026-03-13,0.51232684
603392,2026-03-09,0.5560664
603392,2026-03-10,0.5490662
603392,2026-03-11,0.5462642
603392,2026-03-12,0.53351855
603392,2026-03-13,0.5460776
603501,2026-03-09,0.56543684
603501,2026-03-10,0.57192504
603501,2026-03-11,0.55571866
603501,2026-03-12,0.5578976
603501,2026-03-13,0.5441624
603799,2026-03-09,0.5541231
603799,2026-03-10,0.47748414
603799,2026-03-11,0.5020585
603799,2026-03-12,0.54984486
603799,2026-03-13,0.5678842
603893,2026-03-09,0.5063441
603893,2026-03-10,0.57278097
603893,2026-03-11,0.5808922
603893,2026-03-12,0.5651512
603893,2026-03-13,0.5462804
603986,2026-03-09,0.71968615
603986,2026-03-10,0.7058258
603986,2026-03-11,0.674961
603986,2026-03-12,0.67977
603986,2026-03-13,0.6190146
603993,2026-03-09,0.6111993
603993,2026-03-10,0.53255117
603993,2026-03-11,0.5177318
603993,2026-03-12,0.50647527
603993,2026-03-13,0.5458243
605117,2026-03-09,0.4180868
605117,2026-03-10,0.35642827
605117,2026-03-11,0.41820624
605117,2026-03-12,0.38455233
605117,2026-03-13,0.4714762
605499,2026-03-09,0.47122478
605499,2026-03-10,0.48283613
605499,2026-03-11,0.49843088
605499,2026-03-12,0.42305875
605499,2026-03-13,0.45203176
688008,2026-03-09,0.70574784
688008,2026-03-10,0.6697371
688008,2026-03-11,0.64677405
688008,2026-03-12,0.6143049
688008,2026-03-13,0.58745694
688009,2026-03-09,0.5559358
688009,2026-03-10,0.54281694
688009,2026-03-11,0.5161982
688009,2026-03-12,0.51743054
688009,2026-03-13,0.5130413
688012,2026-03-09,0.69654155
688012,2026-03-10,0.7040417
688012,2026-03-11,0.7008234
688012,2026-03-12,0.6630596
688012,2026-03-13,0.6076437
688036,2026-03-09,0.5598726
688036,2026-03-10,0.5549733
688036,2026-03-11,0.52104115
688036,2026-03-12,0.5472653
688036,2026-03-13,0.5053164
688041,2026-03-09,0.62015533
688041,2026-03-10,0.6159779
688041,2026-03-11,0.5887188
688041,2026-03-12,0.6016009
688041,2026-03-13,0.62727463
688047,2026-03-09,0.5632312
688047,2026-03-10,0.5857669
688047,2026-03-11,0.5071765
688047,2026-03-12,0.4497119
688047,2026-03-13,0.43218404
688082,2026-03-09,0.5253818
688082,2026-03-10,0.5012516
688082,2026-03-11,0.5254896
688082,2026-03-12,0.57439387
688082,2026-03-13,0.58525205
688111,2026-03-09,0.6479533
688111,2026-03-10,0.6165428
688111,2026-03-11,0.5514648
688111,2026-03-12,0.5523094
688111,2026-03-13,0.56868935
688126,2026-03-09,0.47830632
688126,2026-03-10,0.48809215
688126,2026-03-11,0.5189651
688126,2026-03-12,0.56268775
688126,2026-03-13,0.5901805
688169,2026-03-09,0.52055293
688169,2026-03-10,0.53979814
688169,2026-03-11,0.5568683
688169,2026-03-12,0.55719817
688169,2026-03-13,0.5421027
688187,2026-03-09,0.6178155
688187,2026-03-10,0.62769353
688187,2026-03-11,0.6198837
688187,2026-03-12,0.54271257
688187,2026-03-13,0.58151615
688223,2026-03-09,0.40669462
688223,2026-03-10,0.46268204
688223,2026-03-11,0.4079447
688223,2026-03-12,0.4213132
688223,2026-03-13,0.4190416
688256,2026-03-09,0.38624778
688256,2026-03-10,0.39898667
688256,2026-03-11,0.4373086
688256,2026-03-12,0.43092403
688256,2026-03-13,0.47751305
688271,2026-03-09,0.543162
688271,2026-03-10,0.55937445
688271,2026-03-11,0.5571277
688271,2026-03-12,0.5402081
688271,2026-03-13,0.50763834
688303,2026-03-09,0.58506167
688303,2026-03-10,0.56680286
688303,2026-03-11,0.57905453
688303,2026-03-12,0.54794884
688303,2026-03-13,0.5332091
688396,2026-03-09,0.52996504
688396,2026-03-10,0.48587787
688396,2026-03-11,0.53103757
688396,2026-03-12,0.58635604
688396,2026-03-13,0.64359117
688472,2026-03-09,0.5102662
688472,2026-03-10,0.4262411
688472,2026-03-11,0.42225322
688472,2026-03-12,0.39289114
688472,2026-03-13,0.38111135
688506,2026-03-09,0.5287802
688506,2026-03-10,0.57930875
688506,2026-03-11,0.53383625
688506,2026-03-12,0.5596866
688506,2026-03-13,0.48838064
688981,2026-03-09,0.57628345
688981,2026-03-10,0.5482993
688981,2026-03-11,0.5313792
688981,2026-03-12,0.54720205
688981,2026-03-13,0.5351671
