diagnostic_label,stock_id,trade_date,y_true,ret_1d,ret_3d,intraday_return,y_pred_base,rank_pred_base,y_pred_drop3,rank_pred_drop3,y_pred_delta,rank_pred_pct_delta,rank_error_base,rank_error_drop3,rank_error_improvement
improved_focus,000001,2025-11-26,-0.0017152658662093,-0.0093220338983051,0.0,-0.0101608806096529,0.58508945,0.0166666666666666,0.5102049,0.09,-0.07488455,0.0733333333333333,0.64,0.5666666666666667,0.0733333333333333
improved_focus,000001,2025-11-27,-0.0102827763496142,0.001710863986313,0.0094827586206895,0.004288164665523,0.5727362,0.0766666666666666,0.504226,0.12,-0.0685102,0.0433333333333333,0.6066666666666667,0.5633333333333334,0.0433333333333333
improved_focus,000001,2025-11-28,-0.0094827586206896,-0.0085397096498718,-0.0161016949152542,-0.0051413881748071,0.56462765,0.0666666666666666,0.49876836,0.1566666666666666,-0.06585929,0.09,0.55,0.4600000000000001,0.0899999999999999
improved_focus,000001,2025-12-01,-0.0162671232876712,0.0068906115417743,0.0,0.0077586206896551,0.5482669,0.1466666666666666,0.5044572,0.2133333333333333,-0.0438096999999999,0.0666666666666666,0.5633333333333334,0.4966666666666667,0.0666666666666666
improved_focus,000001,2025-12-02,-0.0103092783505155,-0.0042771599657828,-0.0059777967549102,-0.0034246575342465,0.55090106,0.1266666666666666,0.4950625,0.3166666666666666,-0.05583856,0.19,0.5533333333333335,0.3633333333333334,0.19
improved_focus,000001,2025-12-03,-0.0095238095238095,-0.0077319587628864,-0.0051679586563306,-0.0077319587628864,0.547208,0.2266666666666666,0.4920685,0.43,-0.0551395,0.2033333333333334,0.3400000000000001,0.1366666666666666,0.2033333333333334
improved_focus,000001,2025-12-04,-0.0121845082680591,-0.0051948051948053,-0.0171086398631309,-0.0051948051948053,0.5459802,0.25,0.48662117,0.4933333333333333,-0.05935903,0.2433333333333333,0.4833333333333333,0.24,0.2433333333333333
improved_focus,000001,2025-12-05,-0.010443864229765,0.0034812880765884,-0.0094501718213058,0.0034812880765884,0.53692114,0.2466666666666666,0.48595306,0.5633333333333334,-0.05096808,0.3166666666666667,0.19,0.1266666666666667,0.0633333333333332
improved_focus,000001,2025-12-08,-0.0156249999999999,-0.0008673026886383,-0.0025974025974027,0.0026109660574411,0.54179204,0.21,0.4830435,0.64,-0.05874854,0.43,0.36,0.07,0.2899999999999999
improved_focus,000001,2025-12-09,0.0043706293706292,-0.0078124999999998,-0.0052219321148824,-0.0078124999999998,0.5501201,0.1633333333333333,0.48155138,0.6533333333333333,-0.06856872,0.49,0.2233333333333333,0.2666666666666667,-0.0433333333333334
improved_focus,000001,2025-12-10,0.0105726872246696,-0.0087489063867015,-0.0173460537727665,-0.0096153846153845,0.5485953,0.1633333333333333,0.4877691,0.4933333333333333,-0.0608262,0.3299999999999999,0.0166666666666666,0.3466666666666667,-0.3299999999999999
improved_focus,000001,2025-12-11,0.0123131046613897,0.0035304501323916,-0.0130208333333333,0.0017621145374449,0.5391648,0.2866666666666667,0.48433653,0.5933333333333334,-0.05482827,0.3066666666666667,0.0,0.3066666666666667,-0.3066666666666667
improved_focus,000001,2025-12-12,0.0255731922398588,-0.001759014951627,-0.0069991251093614,-0.001759014951627,0.53932965,0.1866666666666666,0.4928966,0.43,-0.0464330499999999,0.2433333333333334,0.0033333333333332,0.2466666666666667,-0.2433333333333334
improved_focus,000001,2025-12-15,0.010443864229765,0.0140969162995594,0.0158870255957634,0.0149911816578485,0.5314362,0.4,0.48839453,0.4466666666666666,-0.04304167,0.0466666666666665,0.0466666666666665,0.0,0.0466666666666665
improved_focus,000001,2025-12-16,0.0043591979075848,-0.002606429192007,0.009674582233949,-0.0008703220191471,0.55917525,0.1533333333333333,0.4949958,0.3166666666666666,-0.06417945,0.1633333333333333,0.5633333333333334,0.4000000000000001,0.1633333333333332
improved_focus,000001,2025-12-17,0.0034752389226759,0.0043554006968642,0.0158590308370043,0.005231037489102,0.5735564,0.0366666666666666,0.501791,0.18,-0.0717653999999999,0.1433333333333334,0.5033333333333334,0.36,0.1433333333333333
improved_focus,000001,2025-12-18,-0.0077386070507307,0.0095403295750216,0.0112945264986967,0.0112945264986967,0.5635859,0.05,0.50096077,0.13,-0.0626251299999999,0.08,0.7133333333333333,0.6333333333333333,0.0799999999999999
improved_focus,000001,2025-12-19,-0.004306632213609,-0.0017182130584191,0.0121951219512197,-0.0008598452278588,0.5729002,0.02,0.50519454,0.07,-0.06770566,0.05,0.6533333333333333,0.6033333333333333,0.05
improved_focus,000001,2025-12-22,0.0017361111111111,-0.008605851979346,-0.0008673026886383,-0.0077519379844961,0.578527,0.0033333333333333,0.51296747,0.05,-0.06555953,0.0466666666666667,0.5333333333333333,0.4866666666666666,0.0466666666666666
improved_focus,000001,2025-12-23,-0.0017316017316018,0.0034722222222223,-0.0068728522336769,0.0034722222222223,0.56507504,0.0233333333333333,0.5117958,0.0466666666666666,-0.0532792399999999,0.0233333333333333,0.5133333333333333,0.49,0.0233333333333332
improved_focus,000807,2025-11-26,0.0207401382675885,0.0174171622769754,0.0435729847494552,-0.0107393638992151,0.5003809,0.82,0.47804335,0.6666666666666666,-0.02233755,-0.1533333333333333,0.5499999999999999,0.3966666666666666,0.1533333333333333
improved_focus,000807,2025-11-27,0.1083844580777095,0.0204592901878912,0.0525409130060292,-0.0061000406669377,0.5049421,0.85,0.4801906,0.6466666666666666,-0.0247514999999999,-0.2033333333333333,0.83,0.6266666666666666,0.2033333333333333
improved_focus,000807,2025-11-28,0.0578740157480314,0.0106382978723404,0.0492778249787595,0.0102249488752554,0.52947456,0.52,0.5004875,0.13,-0.02898706,-0.39,0.48,0.09,0.39
improved_focus,000807,2025-12-01,0.1172277227722773,0.0218623481781377,0.0538622129436325,-0.0062992125984252,0.5128736,0.5833333333333334,0.503282,0.2433333333333333,-0.0095916,-0.3400000000000001,0.5766666666666668,0.2366666666666667,0.3400000000000001
improved_focus,000807,2025-12-02,0.1063745019920319,-0.0039619651347069,0.0286415711947625,-0.0043564356435643,0.5089365,0.67,0.4963809,0.2766666666666666,-0.0125556,-0.3933333333333334,0.66,0.2666666666666666,0.3933333333333334
improved_focus,000807,2025-12-03,0.0018450184501844,0.0517104216388226,0.0704453441295547,0.0533864541832669,0.46079394,0.94,0.4962097,0.32,0.0354157599999999,-0.6199999999999999,0.5533333333333333,0.0666666666666666,0.4866666666666667
improved_focus,000807,2025-12-04,0.0230740602902864,0.0105900151285929,0.0586370839936607,-0.0140221402214022,0.45461747,0.95,0.48494914,0.54,0.0303316699999999,-0.4099999999999999,0.6866666666666666,0.2766666666666667,0.4099999999999999
improved_focus,000807,2025-12-05,-0.0280042538107054,0.0595059880239521,0.1260938743038981,0.0535913658355042,0.38618302,0.98,0.46745726,0.8066666666666666,0.08127424,-0.1733333333333333,0.2099999999999999,0.0366666666666666,0.1733333333333333
improved_focus,000807,2025-12-08,-0.0334893770255672,0.0,0.0707261724659606,0.0035448422545196,0.39457086,0.9866666666666668,0.4652077,0.8566666666666667,0.0706368399999999,-0.1300000000000001,0.1500000000000001,0.02,0.1300000000000001
improved_focus,000807,2025-12-09,-0.0066298342541436,-0.0430943129636172,0.0138473053892216,-0.0244868563197696,0.43697426,0.9433333333333334,0.47566995,0.7466666666666667,0.03869569,-0.1966666666666666,0.37,0.1733333333333333,0.1966666666666666
improved_focus,000807,2025-12-10,-0.0251000363768643,0.0070136581764488,-0.0363829035676439,0.0047882136279926,0.4513719,0.91,0.45244202,0.92,0.00107012,0.01,0.26,0.27,-0.01
improved_focus,000807,2025-12-11,0.0036469730123996,-0.0139296187683283,-0.0498057223595901,-0.0214623499454346,0.482205,0.9,0.4638818,0.8566666666666667,-0.0183231999999999,-0.0433333333333333,0.49,0.4466666666666667,0.0433333333333333
improved_focus,000807,2025-12-12,0.0279433681073024,0.0193308550185873,0.0121816168327797,0.0,0.47909322,0.8433333333333334,0.4762979,0.7566666666666667,-0.0027953199999999,-0.0866666666666666,0.6833333333333333,0.5966666666666667,0.0866666666666666
improved_focus,000807,2025-12-15,0.0856507230255839,-0.0109409190371991,-0.0058651026392961,0.0104321907600595,0.5130565,0.6266666666666667,0.48946455,0.4366666666666666,-0.02359195,-0.1900000000000001,0.5900000000000001,0.4,0.19
improved_focus,000807,2025-12-16,0.082089552238806,-0.0206489675516222,-0.0126394052044609,-0.0152020763811642,0.539567,0.3933333333333333,0.5085734,0.0833333333333333,-0.0309936,-0.31,0.32,0.0099999999999999,0.31
improved_focus,000807,2025-12-17,0.0701308139534884,0.0350150602409637,0.0025528811086796,0.0257462686567164,0.5189611,0.5733333333333334,0.5048917,0.14,-0.0140693999999998,-0.4333333333333333,0.51,0.0766666666666667,0.4333333333333333
improved_focus,000807,2025-12-18,0.066328379847771,-0.0014550745725717,0.0121681415929204,-0.0025436046511627,0.5350437,0.3033333333333333,0.49680993,0.2166666666666666,-0.03823377,-0.0866666666666667,0.2299999999999999,0.1433333333333332,0.0866666666666667
improved_focus,000807,2025-12-19,0.0221994535519126,0.0648451730418941,0.1005271084337349,0.0594418267488221,0.45855337,0.9233333333333332,0.506725,0.0566666666666666,0.0481716299999999,-0.8666666666666666,0.6633333333333332,0.2033333333333334,0.4599999999999998
improved_focus,000807,2025-12-22,0.0606896551724137,0.0051317139924733,0.0687522735540195,0.0034153005464481,0.45294827,0.92,0.49316266,0.35,0.0402143899999999,-0.5700000000000001,0.8566666666666667,0.2866666666666667,0.5700000000000001
improved_focus,000807,2025-12-23,-0.0152801358234295,0.0020422055820286,0.0724954462659379,0.0151724137931033,0.44522843,0.9166666666666666,0.47704813,0.7633333333333333,0.0318197,-0.1533333333333333,0.1133333333333332,0.04,0.0733333333333332
improved_focus,002600,2025-11-26,0.0949926362297496,0.0082028337061894,0.04,0.0127340823970036,0.50127184,0.8066666666666666,0.4797961,0.6233333333333333,-0.02147574,-0.1833333333333333,0.7866666666666666,0.6033333333333333,0.1833333333333333
improved_focus,002600,2025-11-27,0.1095588235294116,0.0103550295857988,0.046743295019157,0.0058910162002945,0.49558446,0.91,0.48398402,0.5466666666666666,-0.0116004399999999,-0.3633333333333334,0.8933333333333334,0.53,0.3633333333333334
improved_focus,002600,2025-11-28,0.0516870064608758,0.0175695461200586,0.0365398956002982,0.0220588235294116,0.47837433,0.92,0.4730154,0.7433333333333333,-0.00535893,-0.1766666666666667,0.87,0.6933333333333332,0.1766666666666667
improved_focus,002600,2025-12-01,0.0207039337474119,0.0417266187050358,0.0710059171597632,0.0394831299353912,0.43830803,0.94,0.48385832,0.6766666666666666,0.0455502899999999,-0.2633333333333333,0.73,0.4666666666666667,0.2633333333333333
improved_focus,002600,2025-12-02,0.0100874243443174,0.0331491712707183,0.095168374816984,0.0324361628709455,0.39462635,0.9933333333333332,0.47339192,0.81,0.07876557,-0.1833333333333331,0.6599999999999999,0.4766666666666667,0.1833333333333331
improved_focus,002600,2025-12-03,0.0099403578528827,-0.0160427807486631,0.0589928057553956,-0.0100874243443174,0.4527429,0.9566666666666668,0.4903562,0.4866666666666667,0.0376133,-0.4700000000000001,0.6500000000000001,0.1800000000000001,0.47
improved_focus,002600,2025-12-04,0.0443686006825937,0.001358695652174,0.0179558011049725,-0.0231941683233928,0.4724926,0.91,0.47866842,0.6966666666666667,0.0061758199999999,-0.2133333333333333,0.7733333333333334,0.56,0.2133333333333333
improved_focus,002600,2025-12-05,0.0277214334009466,0.0047489823609225,-0.0100267379679145,0.0109215017064845,0.46085027,0.8866666666666667,0.4626477,0.87,0.0017974299999999,-0.0166666666666667,0.7900000000000001,0.7733333333333334,0.0166666666666667
improved_focus,002600,2025-12-08,0.0272969374167776,0.0182309250506416,0.0244565217391306,0.0196078431372548,0.46224362,0.8633333333333333,0.467222,0.8333333333333334,0.00497838,-0.0299999999999999,0.7666666666666667,0.7366666666666668,0.0299999999999999
improved_focus,002600,2025-12-09,-0.0137795275590551,0.01657824933687,0.0400271370420624,0.0206391478029293,0.46565458,0.8933333333333333,0.4785138,0.71,0.01285922,-0.1833333333333333,0.2333333333333332,0.0499999999999999,0.1833333333333333
improved_focus,002600,2025-12-10,-0.0091503267973855,-0.0097847358121331,0.0249831195138419,-0.0039370078740157,0.47138807,0.8633333333333333,0.46635762,0.8366666666666667,-0.00503045,-0.0266666666666666,0.4233333333333333,0.3966666666666666,0.0266666666666666
improved_focus,002600,2025-12-11,0.0230263157894735,0.0118577075098815,0.0185676392572944,0.0039215686274509,0.47591278,0.9133333333333332,0.48719132,0.5466666666666666,0.01127854,-0.3666666666666666,0.7333333333333332,0.3666666666666666,0.3666666666666665
improved_focus,002600,2025-12-12,-0.0187945560596241,0.0221354166666667,0.0241356816699283,0.032894736842105,0.45503578,0.92,0.48258212,0.6633333333333333,0.02754634,-0.2566666666666667,0.1099999999999999,0.1466666666666667,-0.0366666666666667
improved_focus,002600,2025-12-15,0.0199600798403194,-0.032484076433121,0.0006587615283268,-0.0155541153596889,0.51611704,0.5933333333333334,0.48352203,0.5533333333333333,-0.03259501,-0.04,0.31,0.27,0.04
improved_focus,002600,2025-12-16,0.0521108179419524,-0.0125082290980907,-0.0234374999999998,-0.0019960079840317,0.5345507,0.46,0.48158336,0.6333333333333333,-0.05296734,0.1733333333333332,0.32,0.4933333333333333,-0.1733333333333332
improved_focus,002600,2025-12-17,0.0212218649517685,0.0479999999999998,0.0012738853503184,0.0369393139841687,0.47565874,0.8466666666666667,0.4789126,0.68,0.0032538599999999,-0.1666666666666666,0.5966666666666667,0.43,0.1666666666666666
improved_focus,002600,2025-12-18,0.0535006605019813,-0.0496183206106868,-0.0164581961816984,-0.0392282958199355,0.5072416,0.63,0.48980132,0.37,-0.0174402799999999,-0.26,0.53,0.27,0.26
improved_focus,002600,2025-12-19,0.030658838878017,0.0267737617135206,0.0226666666666666,0.0132100396301189,0.47299263,0.8633333333333333,0.476674,0.6533333333333333,0.0036813699999999,-0.2099999999999999,0.6566666666666667,0.4466666666666667,0.21
improved_focus,002600,2025-12-22,-0.0294670846394983,0.0397653194263363,0.0146310432569973,0.0404435746901499,0.460956,0.8933333333333333,0.491615,0.3966666666666666,0.030659,-0.4966666666666667,0.07,0.5666666666666668,-0.4966666666666667
improved_focus,002600,2025-12-23,-0.0346347607052897,-0.0269592476489027,0.0388219544846049,-0.0269592476489027,0.4695451,0.88,0.49596116,0.2466666666666666,0.02641606,-0.6333333333333334,0.0433333333333332,0.6766666666666666,-0.6333333333333334
improved_focus,300308,2025-11-26,0.0065921787709498,0.1325105282908727,0.1707075278550032,0.1431397306397308,0.4772443,0.9266666666666666,0.5392031,0.02,0.0619588,-0.9066666666666666,0.43,0.4766666666666665,-0.0466666666666665
improved_focus,300308,2025-11-27,-0.0186456752655538,-0.0353816133426604,0.1471103327495622,-0.0242085661080073,0.46361062,0.9633333333333334,0.55273455,0.02,0.08912393,-0.9433333333333334,0.1733333333333333,0.77,-0.5966666666666667
improved_focus,300308,2025-11-28,0.0296374045801526,-0.0181297709923664,0.0726347829712712,-0.0240895295902883,0.41835496,0.9933333333333332,0.4921492,0.3,0.07379424,-0.6933333333333331,0.8699999999999999,0.1766666666666667,0.6933333333333331
improved_focus,300308,2025-12-01,0.0018450184501845,0.0456754130223517,-0.0096093663708995,0.0267175572519082,0.4015818,0.9866666666666668,0.47637245,0.8266666666666667,0.07479065,-0.1600000000000001,0.5666666666666669,0.4066666666666667,0.1600000000000002
improved_focus,300308,2025-12-02,0.0546675546675546,0.0074349442379182,0.0343511450381679,0.0,0.40152296,0.99,0.4585044,0.9566666666666668,0.0569814399999999,-0.0333333333333332,0.9033333333333334,0.8700000000000002,0.0333333333333332
improved_focus,300308,2025-12-03,0.1772232638150646,-0.0337084870848707,0.0179397473275024,-0.0310985310985311,0.44460166,0.9666666666666668,0.49170333,0.4366666666666666,0.0471016699999999,-0.5300000000000002,0.9600000000000002,0.43,0.5300000000000002
improved_focus,300308,2025-12-04,0.1306136822790206,0.0224734118725298,-0.0046468401486987,0.0350426194019755,0.4059678,0.99,0.46077514,0.91,0.05480734,-0.0799999999999999,0.98,0.9,0.0799999999999999
improved_focus,300308,2025-12-05,0.0810313075506446,0.0028944911297852,-0.0091328413284133,-0.0045965933312327,0.40975088,0.9633333333333334,0.45400167,0.94,0.04425079,-0.0233333333333334,0.9433333333333334,0.92,0.0233333333333334
improved_focus,300308,2025-12-08,-0.0001578698100299,0.06135369146262,0.0883470490519924,0.0497237569060775,0.38751268,0.9933333333333332,0.4759374,0.72,0.08842472,-0.2733333333333332,0.6599999999999999,0.3866666666666666,0.2733333333333332
improved_focus,300308,2025-12-09,-0.0661018618855285,0.063157894736842,0.1316526610644257,0.0629900542019679,0.32598436,0.9966666666666668,0.4536888,0.9333333333333332,0.12770444,-0.0633333333333335,0.0266666666666668,0.0366666666666667,-0.0099999999999998
improved_focus,300308,2025-12-10,-0.0868852459016392,0.0165016501650165,0.1470067963876733,0.0113946080845892,0.29555544,0.9966666666666668,0.43980935,0.96,0.1442539099999999,-0.0366666666666668,0.02,0.0166666666666668,0.0033333333333331
improved_focus,300308,2025-12-11,-0.017052810902896,-0.0473863636363636,0.0294912280701753,-0.0380163934426229,0.38866884,0.9933333333333332,0.44721988,0.96,0.05855104,-0.0333333333333332,0.1833333333333331,0.1499999999999999,0.0333333333333332
improved_focus,300308,2025-12-12,0.0234035087719297,-0.0081968609941889,-0.0396039603960395,-0.0085178875638841,0.40023217,0.98,0.44369182,0.9866666666666668,0.04345965,0.0066666666666668,0.77,0.7766666666666668,-0.0066666666666668
improved_focus,300308,2025-12-15,0.0372890295358649,-0.0191408934707902,-0.0732792207792206,0.0015087719298245,0.4393469,0.9766666666666668,0.44683117,0.96,0.00748427,-0.0166666666666668,0.8600000000000002,0.8433333333333334,0.0166666666666668
improved_focus,300308,2025-12-16,0.1220825852782764,-0.0334057387100165,-0.0596786012508308,-0.0299050632911392,0.50231284,0.8466666666666667,0.4816954,0.6266666666666667,-0.0206174399999999,-0.2199999999999999,0.8233333333333334,0.6033333333333334,0.2199999999999999
improved_focus,300308,2025-12-17,0.0877831504878767,0.0692111129233947,0.0137113402061856,0.059210053859964,0.46588176,0.8866666666666667,0.49679106,0.27,0.0309093,-0.6166666666666667,0.8600000000000001,0.2433333333333334,0.6166666666666667
improved_focus,300308,2025-12-18,0.1057016491240101,-0.0318315875114409,0.0005955926146514,-0.0100348359590287,0.45366088,0.9366666666666666,0.47973174,0.6033333333333334,0.02607086,-0.3333333333333332,0.9133333333333332,0.5800000000000001,0.3333333333333332
improved_focus,300308,2025-12-19,0.0648972051321163,0.000875350140056,0.0360825676434877,-0.0199540576679123,0.44635415,0.9466666666666668,0.4797208,0.5833333333333334,0.03336665,-0.3633333333333334,0.8866666666666667,0.5233333333333334,0.3633333333333333
improved_focus,300308,2025-12-22,0.004224,0.080111946825258,0.046645649005051,0.0465924306367688,0.41820544,0.9733333333333334,0.48481503,0.5833333333333334,0.06660959,-0.39,0.51,0.12,0.3899999999999999
improved_focus,300308,2025-12-23,-0.0151997960614364,0.0056680161943321,0.0871848739495797,-0.0063999999999999,0.428108,0.94,0.47611007,0.7833333333333333,0.04800207,-0.1566666666666666,0.1399999999999999,0.0166666666666667,0.1233333333333331
improved_focus,300502,2025-11-26,0.1475308641975309,0.0866369125754791,0.1037333333333332,0.0964238410596025,0.5602511,0.15,0.5812742,0.0066666666666666,0.0210230999999999,-0.1433333333333334,0.1466666666666667,0.0033333333333333,0.1433333333333334
improved_focus,300502,2025-11-27,0.0797941176470587,0.0292341145204155,0.1631399317406141,0.0518518518518518,0.49396512,0.9166666666666666,0.59785163,0.0066666666666666,0.1038865099999999,-0.91,0.87,0.04,0.83
improved_focus,300502,2025-11-28,0.0842329545454544,0.0205399061032862,0.141375689157259,0.022941176470588,0.41905603,0.99,0.5325809,0.0133333333333333,0.11352487,-0.9766666666666668,0.98,0.0033333333333332,0.9766666666666668
improved_focus,300502,2025-12-01,0.0548338113716889,0.0224554341575617,0.07396110171539,0.0102556818181815,0.4134917,0.98,0.5106922,0.1166666666666666,0.0972005,-0.8633333333333334,0.8966666666666667,0.0333333333333333,0.8633333333333334
improved_focus,300502,2025-12-02,0.088838084991931,0.0264053316835859,0.0710093896713615,0.0263764692649457,0.40471742,0.9866666666666668,0.5042932,0.1333333333333333,0.09957578,-0.8533333333333335,0.9633333333333336,0.11,0.8533333333333335
improved_focus,300502,2025-12-03,0.1385612725737477,0.0222739726027396,0.0728292121909144,0.0035771920387304,0.41054106,0.9966666666666668,0.50148946,0.2066666666666666,0.0909484,-0.7900000000000003,0.9833333333333336,0.1933333333333333,0.7900000000000003
improved_focus,300502,2025-12-04,0.122835058299489,0.0030016348189638,0.0524169736509096,0.0193936752648924,0.37917835,0.9933333333333332,0.47074878,0.8133333333333334,0.0915704299999999,-0.1799999999999998,0.98,0.8,0.1799999999999998
improved_focus,300502,2025-12-05,0.1116442738323735,0.0087107548430194,0.0342739726027396,-0.0108476352679155,0.40572968,0.9733333333333334,0.4506737,0.95,0.04494402,-0.0233333333333334,0.97,0.9466666666666668,0.0233333333333334
improved_focus,300502,2025-12-08,0.0174147172887385,0.071547773568912,0.08412617586364,0.0783749200255918,0.3999902,0.9766666666666668,0.48046383,0.6666666666666666,0.0804736299999999,-0.3100000000000001,0.8566666666666668,0.5466666666666666,0.3100000000000001
improved_focus,300502,2025-12-09,0.0071291866028708,0.0361168792643131,0.1199198396793588,0.0353234691104908,0.37745333,0.9833333333333332,0.47183433,0.7966666666666666,0.094381,-0.1866666666666665,0.6466666666666665,0.46,0.1866666666666664
improved_focus,300502,2025-12-10,-0.0467178493921079,0.0313267959821534,0.1450292707477947,0.0341148325358851,0.32393464,0.9933333333333332,0.46797386,0.8133333333333334,0.14403922,-0.1799999999999998,0.1633333333333332,0.0166666666666666,0.1466666666666666
improved_focus,300502,2025-12-11,0.0484652278177458,-0.0364364040161013,0.0296400672401857,-0.0280493781065501,0.39696598,0.99,0.48800346,0.5233333333333333,0.09103748,-0.4666666666666667,0.91,0.4433333333333333,0.4666666666666667
improved_focus,300502,2025-12-12,0.0585607458483053,0.027586372476051,0.0211628850237395,0.026378896882494,0.35913432,0.99,0.44823298,0.98,0.08909866,-0.01,0.93,0.92,0.01
improved_focus,300502,2025-12-15,0.0717136205995534,-0.0027803738317757,-0.0126081525008097,0.0362484218704477,0.3569992,1.0,0.44744843,0.9566666666666668,0.0904492299999999,-0.0433333333333332,0.95,0.9066666666666668,0.0433333333333332
improved_focus,300502,2025-12-16,0.1331423955349931,-0.0459455026826925,-0.0223524045040935,-0.0327331464677657,0.43570465,0.9766666666666668,0.4667559,0.85,0.0310512499999999,-0.1266666666666668,0.9566666666666668,0.83,0.1266666666666668
improved_focus,300502,2025-12-17,0.0521031083461036,0.0955304518664048,0.0422897196261682,0.0920173312770802,0.3719916,0.99,0.47192043,0.7733333333333333,0.09992883,-0.2166666666666666,0.8866666666666667,0.67,0.2166666666666666
improved_focus,300502,2025-12-18,0.0458715596330275,-0.0461779869984309,-0.0030692814132752,-0.0267834678987215,0.4319999,0.9633333333333334,0.46625125,0.8466666666666667,0.03425135,-0.1166666666666667,0.8266666666666668,0.7100000000000001,0.1166666666666667
improved_focus,300502,2025-12-19,-0.0225413923798124,0.0206815511163336,0.0665520628683693,-0.0038990825688073,0.43647403,0.96,0.46766025,0.81,0.0311862199999999,-0.1499999999999999,0.0299999999999999,0.12,-0.09
improved_focus,300502,2025-12-22,-0.0494707280190106,0.0660603269629289,0.0378614660390046,0.0261985504355342,0.38881025,0.99,0.44606942,0.9766666666666668,0.0572591699999999,-0.0133333333333331,0.0,0.0133333333333331,-0.0133333333333331
improved_focus,300502,2025-12-23,-0.0434574664666623,-0.0107777705781982,0.0763807285546416,-0.0105854396197884,0.42658445,0.95,0.44955072,0.9833333333333332,0.02296627,0.0333333333333332,0.0,0.0333333333333332,-0.0333333333333332
improved_focus,600015,2025-11-26,0.0014306151645207,-0.0084985835694051,0.0014306151645206,-0.0084985835694051,0.5661444,0.1066666666666666,0.5042156,0.1466666666666666,-0.0619288,0.04,0.4733333333333334,0.4333333333333333,0.04
improved_focus,600015,2025-11-27,-0.0028612303290414,0.0,0.0101010101010101,0.0014306151645206,0.57019436,0.1066666666666666,0.49750116,0.2433333333333333,-0.0726932,0.1366666666666667,0.5000000000000001,0.3633333333333334,0.1366666666666667
improved_focus,600015,2025-11-28,-0.0043290043290042,-0.01,-0.018413597733711,-0.0085836909871245,0.55182654,0.16,0.49009743,0.34,-0.0617291099999999,0.18,0.38,0.2,0.18
improved_focus,600015,2025-12-01,-0.0185714285714284,0.0115440115440115,0.0014285714285713,0.0115440115440115,0.5307613,0.3066666666666666,0.5011701,0.29,-0.0295912,-0.0166666666666666,0.4366666666666667,0.4533333333333333,-0.0166666666666666
improved_focus,600015,2025-12-02,-0.007142857142857,-0.0014265335235377,0.0,0.0,0.54062414,0.2333333333333333,0.49184301,0.3866666666666666,-0.04878113,0.1533333333333333,0.3933333333333334,0.2400000000000001,0.1533333333333333
improved_focus,600015,2025-12-03,-0.0143472022955523,-0.0042857142857142,0.0057720057720058,-0.0042857142857142,0.5449321,0.2666666666666666,0.4932398,0.3966666666666666,-0.0516923,0.13,0.3833333333333334,0.2533333333333334,0.13
improved_focus,600015,2025-12-04,-0.0101449275362319,-0.0100430416068866,-0.0156918687589157,-0.0100430416068866,0.53676957,0.4066666666666667,0.4904215,0.42,-0.04634807,0.0133333333333333,0.2699999999999999,0.2566666666666666,0.0133333333333333
improved_focus,600015,2025-12-05,-0.0101892285298399,-0.0072463768115942,-0.0214285714285714,-0.0072463768115942,0.54244685,0.1733333333333333,0.484797,0.5733333333333334,-0.05764985,0.4,0.2533333333333334,0.1466666666666666,0.1066666666666667
improved_focus,600015,2025-12-08,-0.0215827338129496,0.0131386861313871,-0.0043041606886656,0.0101892285298399,0.54170734,0.2133333333333333,0.4878218,0.56,-0.0538855399999999,0.3466666666666668,0.4600000000000001,0.1133333333333332,0.3466666666666668
improved_focus,600015,2025-12-09,-0.0029112081513829,-0.0100864553314121,-0.0043478260869563,-0.0115107913669064,0.5507565,0.1566666666666666,0.48174742,0.6466666666666666,-0.06900908,0.49,0.37,0.12,0.25
improved_focus,600015,2025-12-10,-0.0058565153733528,-0.0058224163027658,-0.002919708029197,-0.0058224163027658,0.55011296,0.1466666666666666,0.47985017,0.64,-0.0702627899999999,0.4933333333333334,0.24,0.2533333333333334,-0.0133333333333334
improved_focus,600015,2025-12-11,-0.0029411764705882,-0.0043923865300145,-0.0201729106628242,-0.0043923865300145,0.55071,0.1533333333333333,0.4791918,0.66,-0.0715182,0.5066666666666667,0.4033333333333333,0.1033333333333333,0.2999999999999999
improved_focus,600015,2025-12-12,0.0088235294117647,-0.0029411764705883,-0.0131004366812227,-0.0029411764705883,0.5420586,0.1466666666666666,0.49170253,0.4533333333333333,-0.0503560699999999,0.3066666666666667,0.2766666666666666,0.03,0.2466666666666666
improved_focus,600015,2025-12-15,0.0014598540145987,0.0103244837758111,0.0029282576866762,0.0073529411764703,0.53988194,0.3,0.4869572,0.48,-0.05292474,0.18,0.3666666666666666,0.1866666666666666,0.18
improved_focus,600015,2025-12-16,0.0058910162002945,-0.0072992700729925,0.0,-0.0072992700729925,0.55154973,0.21,0.48889512,0.4566666666666666,-0.0626546099999999,0.2466666666666666,0.4700000000000001,0.2233333333333334,0.2466666666666666
improved_focus,600015,2025-12-17,0.0073746312684365,-0.0029411764705883,0.0,-0.0014727540500736,0.55560017,0.1166666666666666,0.49275902,0.37,-0.0628411499999999,0.2533333333333334,0.3333333333333334,0.08,0.2533333333333334
improved_focus,600015,2025-12-18,-0.0029154518950438,0.0132743362831859,0.0029197080291971,0.0132743362831859,0.53704137,0.2833333333333333,0.49304214,0.3,-0.0439992299999999,0.0166666666666666,0.3733333333333333,0.3566666666666666,0.0166666666666666
improved_focus,600015,2025-12-19,-0.0029154518950438,-0.002911208151383,0.0073529411764703,-0.001457725947522,0.5495926,0.1366666666666666,0.49189994,0.2833333333333333,-0.05769266,0.1466666666666667,0.4866666666666667,0.3399999999999999,0.1466666666666667
improved_focus,600015,2025-12-22,0.0,-0.002919708029197,0.0073746312684366,-0.0043731778425657,0.5614146,0.0433333333333333,0.4938527,0.3266666666666666,-0.0675619,0.2833333333333333,0.54,0.2566666666666667,0.2833333333333332
improved_focus,600015,2025-12-23,0.0073206442166911,0.0,-0.0058224163027658,0.0,0.5586723,0.05,0.49289486,0.3466666666666667,-0.06577744,0.2966666666666667,0.34,0.0433333333333333,0.2966666666666667
improved_focus,600905,2025-11-26,0.0023980815347721,-0.0023923444976076,-0.0047732696897372,-0.0023923444976076,0.5796715,0.0233333333333333,0.5072618,0.1133333333333333,-0.0724097,0.09,0.54,0.45,0.0899999999999999
improved_focus,600905,2025-11-27,0.0047961630695441,0.0,-0.0047732696897372,0.0,0.57279634,0.07,0.50100195,0.1566666666666666,-0.0717943899999999,0.0866666666666665,0.3966666666666666,0.31,0.0866666666666666
improved_focus,600905,2025-11-28,0.0023923444976074,0.0023980815347721,0.0,0.0023980815347721,0.56420183,0.07,0.4962067,0.1966666666666666,-0.06799513,0.1266666666666666,0.3366666666666666,0.21,0.1266666666666666
improved_focus,600905,2025-12-01,0.0023866348448687,0.0023923444976075,0.0047961630695441,0.0023923444976075,0.55159926,0.1233333333333333,0.49407747,0.4533333333333333,-0.05752179,0.33,0.2766666666666667,0.0533333333333332,0.2233333333333334
improved_focus,600905,2025-12-02,0.0023923444976074,-0.0023866348448685,0.0023980815347721,-0.0023866348448685,0.5579991,0.0733333333333333,0.4925734,0.3733333333333333,-0.0654256999999999,0.3,0.3666666666666667,0.0666666666666667,0.3
improved_focus,600905,2025-12-03,-0.007159904534606,0.0023923444976075,0.0023923444976075,0.0023923444976075,0.55569303,0.1666666666666666,0.5000144,0.24,-0.05567863,0.0733333333333333,0.3533333333333334,0.28,0.0733333333333333
improved_focus,600905,2025-12-04,-0.007159904534606,0.0,0.0,0.0,0.54551697,0.2566666666666666,0.49100545,0.4,-0.0545115199999999,0.1433333333333334,0.3800000000000001,0.2366666666666667,0.1433333333333334
improved_focus,600905,2025-12-05,-0.0142857142857141,0.0023866348448686,0.0047846889952152,0.0023866348448686,0.5507311,0.11,0.50037295,0.29,-0.0503581499999999,0.18,0.4166666666666666,0.2366666666666666,0.18
improved_focus,600905,2025-12-08,-0.0143198090692122,-0.0023809523809523,0.0,-0.0023809523809523,0.55435777,0.1066666666666666,0.503557,0.26,-0.0508007699999999,0.1533333333333334,0.4333333333333334,0.28,0.1533333333333334
improved_focus,600905,2025-12-09,-0.0072115384615384,-0.0047732696897372,-0.0047732696897372,-0.0047732696897372,0.55381167,0.1333333333333333,0.505741,0.1833333333333333,-0.0480706699999999,0.0499999999999999,0.4566666666666666,0.4066666666666667,0.0499999999999999
improved_focus,600905,2025-12-10,-0.0120192307692308,-0.0023980815347721,-0.0095238095238093,0.0,0.5495549,0.16,0.5167076,0.0733333333333333,-0.0328472999999999,-0.0866666666666667,0.3266666666666666,0.4133333333333334,-0.0866666666666667
improved_focus,600905,2025-12-11,-0.0072463768115942,-0.0048076923076922,-0.0119331742243434,-0.0048076923076922,0.5528717,0.13,0.50717777,0.1466666666666666,-0.0456939299999999,0.0166666666666666,0.5133333333333333,0.4966666666666667,0.0166666666666666
improved_focus,600905,2025-12-12,-0.0024213075060532,0.0,-0.0071942446043166,0.0,0.5459728,0.1066666666666666,0.5135244,0.1166666666666666,-0.0324484,0.0099999999999999,0.5066666666666667,0.4966666666666667,0.01
improved_focus,600905,2025-12-15,0.0,-0.002415458937198,-0.0072115384615384,0.0,0.5578171,0.1166666666666666,0.5028492,0.17,-0.0549678999999999,0.0533333333333334,0.5766666666666668,0.5233333333333333,0.0533333333333334
improved_focus,600905,2025-12-16,0.0048661800486618,-0.0024213075060532,-0.0048309178743961,-0.0024213075060532,0.540718,0.3833333333333333,0.5052594,0.12,-0.0354586,-0.2633333333333333,0.32,0.5833333333333334,-0.2633333333333333
improved_focus,600905,2025-12-17,0.0,0.0,-0.0048309178743961,0.002433090024331,0.5447463,0.2366666666666666,0.50159305,0.19,-0.04315325,-0.0466666666666666,0.3833333333333334,0.43,-0.0466666666666665
improved_focus,600905,2025-12-18,0.0048543689320388,0.0,-0.0024213075060532,0.002433090024331,0.55608135,0.0833333333333333,0.49684957,0.2133333333333333,-0.05923178,0.13,0.4033333333333334,0.2733333333333334,0.1299999999999999
improved_focus,600905,2025-12-19,0.0024213075060532,0.0024271844660195,0.0024271844660195,0.0024271844660195,0.55966675,0.0633333333333333,0.4945928,0.2266666666666666,-0.0650739499999999,0.1633333333333333,0.4566666666666667,0.2933333333333334,0.1633333333333332
improved_focus,600905,2025-12-22,0.0024213075060532,0.0,0.0024271844660195,0.0,0.54120696,0.22,0.4918419,0.3866666666666666,-0.04936506,0.1666666666666666,0.3033333333333333,0.1366666666666667,0.1666666666666666
improved_focus,600905,2025-12-23,0.0,-0.0024213075060532,0.0,-0.0024213075060532,0.552571,0.11,0.49442807,0.3033333333333333,-0.05814293,0.1933333333333333,0.38,0.1866666666666667,0.1933333333333333
improved_focus,601668,2025-11-26,0.0,0.0,0.0038095238095237,-0.0018939393939394,0.57490385,0.0466666666666666,0.50450236,0.14,-0.0704014899999999,0.0933333333333334,0.5716666666666667,0.4783333333333333,0.0933333333333333
improved_focus,601668,2025-11-27,0.0057251908396946,-0.0056925996204933,-0.0056925996204933,-0.0038022813688212,0.5763313,0.0566666666666666,0.49852416,0.2166666666666666,-0.07780714,0.1599999999999999,0.3966666666666667,0.2366666666666667,0.16
improved_focus,601668,2025-11-28,0.0192678227360307,-0.0076335877862595,-0.0132827324478178,-0.0076335877862595,0.54309195,0.29,0.50850326,0.07,-0.0345886899999999,-0.2199999999999999,0.0899999999999999,0.13,-0.04
improved_focus,601668,2025-12-01,0.0171755725190839,0.0076923076923076,-0.0056925996204933,0.0096339113680152,0.52204,0.4433333333333333,0.49848542,0.3666666666666666,-0.0235545799999999,-0.0766666666666667,0.1933333333333333,0.1166666666666665,0.0766666666666667
improved_focus,601668,2025-12-02,0.0038022813688213,0.0019083969465649,0.0019083969465649,0.0019083969465649,0.53051543,0.3933333333333333,0.4894335,0.4533333333333333,-0.0410819299999999,0.06,0.0266666666666666,0.0333333333333333,-0.0066666666666666
improved_focus,601668,2025-12-03,-0.0246679316888046,0.0019047619047618,0.0115384615384614,0.0,0.53026325,0.48,0.483166,0.6833333333333333,-0.0470972499999999,0.2033333333333333,0.3066666666666666,0.1033333333333332,0.2033333333333333
improved_focus,601668,2025-12-04,-0.0226843100189036,0.0057034220532319,0.0095419847328244,0.0037950664136621,0.53034014,0.53,0.48063552,0.65,-0.0497046199999999,0.12,0.3299999999999999,0.2099999999999999,0.12
improved_focus,601668,2025-12-05,-0.0262664165103189,0.0075614366729679,0.0152380952380952,0.0075614366729679,0.53891706,0.23,0.49090767,0.4766666666666667,-0.0480093899999999,0.2466666666666666,0.5066666666666667,0.26,0.2466666666666667
improved_focus,601668,2025-12-08,-0.0208333333333334,-0.0093808630393995,0.0038022813688214,-0.0093808630393995,0.55570126,0.1,0.49706474,0.3866666666666666,-0.0586365199999999,0.2866666666666666,0.5433333333333333,0.2566666666666667,0.2866666666666666
improved_focus,601668,2025-12-09,0.0077821011673152,-0.0284090909090909,-0.0302457466918714,-0.0284090909090909,0.52055645,0.4566666666666666,0.50363266,0.21,-0.0169237899999999,-0.2466666666666666,0.13,0.1166666666666666,0.0133333333333333
improved_focus,601668,2025-12-10,-0.001934235976789,0.0097465886939571,-0.0281425891181988,0.0077821011673151,0.5212026,0.4833333333333333,0.49549466,0.3466666666666667,-0.0257079399999999,-0.1366666666666666,0.1999999999999999,0.0633333333333333,0.1366666666666666
improved_focus,601668,2025-12-11,-0.0038535645472062,0.0038610038610038,-0.0151515151515152,0.0058027079303675,0.5249487,0.54,0.48772946,0.53,-0.03721924,-0.01,0.0333333333333333,0.0433333333333333,-0.01
improved_focus,601668,2025-12-12,0.0058027079303675,-0.0057692307692307,0.0077972709551656,-0.0038535645472063,0.5345197,0.25,0.48697457,0.56,-0.04754513,0.31,0.2033333333333333,0.1066666666666667,0.0966666666666665
improved_focus,601668,2025-12-15,0.0077220077220077,0.0019342359767893,0.0,0.0019342359767893,0.54058415,0.29,0.47727102,0.6633333333333333,-0.06331313,0.3733333333333333,0.2366666666666666,0.1366666666666667,0.0999999999999999
improved_focus,601668,2025-12-16,0.0019379844961239,-0.0057915057915057,-0.0096153846153845,-0.0057915057915057,0.5631816,0.1066666666666666,0.4842724,0.55,-0.0789091999999999,0.4433333333333334,0.6666666666666667,0.2233333333333332,0.4433333333333334
improved_focus,601668,2025-12-17,0.0058027079303675,0.0058252427184466,0.0019342359767893,0.003875968992248,0.56542325,0.0633333333333333,0.49183476,0.4066666666666667,-0.07358849,0.3433333333333334,0.4333333333333333,0.0899999999999999,0.3433333333333334
improved_focus,601668,2025-12-18,0.0019230769230769,0.001930501930502,0.001930501930502,0.0038684719535784,0.5623596,0.0533333333333333,0.48951796,0.3766666666666666,-0.0728416399999999,0.3233333333333333,0.4766666666666667,0.1533333333333334,0.3233333333333333
improved_focus,601668,2025-12-19,-0.0019157088122605,0.0038535645472062,0.0116504854368932,0.0019230769230769,0.55883914,0.0733333333333333,0.49491513,0.22,-0.06392401,0.1466666666666667,0.5233333333333334,0.3766666666666667,0.1466666666666667
improved_focus,601668,2025-12-22,0.0038684719535784,-0.0076775431861805,-0.0019305019305019,-0.0095785440613027,0.5511851,0.1366666666666666,0.49519905,0.29,-0.05598605,0.1533333333333333,0.3500000000000001,0.1966666666666667,0.1533333333333333
improved_focus,601668,2025-12-23,0.0019230769230769,0.0058027079303675,0.0019267822736028,0.0058027079303675,0.5454802,0.1766666666666666,0.49485445,0.29,-0.0506257499999999,0.1133333333333333,0.2766666666666667,0.1633333333333333,0.1133333333333334
improved_focus,601689,2025-11-26,0.0302547770700637,0.0199740175381617,0.0412798408488064,0.0263071895424837,0.47787657,0.92,0.48681447,0.4633333333333333,0.0089378999999999,-0.4566666666666667,0.7466666666666667,0.29,0.4566666666666666
improved_focus,601689,2025-11-27,0.090457097032879,-0.0085973571087406,0.014995925020375,-0.0084394904458597,0.50359434,0.8633333333333333,0.48947123,0.4266666666666667,-0.01412311,-0.4366666666666666,0.8333333333333333,0.3966666666666667,0.4366666666666665
improved_focus,601689,2025-11-28,0.0481191222570532,0.0118837321342539,0.0232218252679441,0.0105854049719327,0.4984493,0.8566666666666667,0.4849126,0.4866666666666667,-0.0135366999999999,-0.37,0.8,0.4300000000000001,0.3699999999999999
improved_focus,601689,2025-12-01,0.0329268292682927,0.0458657355975242,0.0491959879000158,0.0329153605015675,0.45510247,0.9166666666666666,0.4933213,0.4733333333333333,0.03821883,-0.4433333333333333,0.7766666666666666,0.3333333333333332,0.4433333333333333
improved_focus,601689,2025-12-02,0.0355486862442039,-0.0245827010622156,0.0322787859322304,-0.0201219512195122,0.48081234,0.89,0.49306646,0.36,0.0122541199999999,-0.53,0.7366666666666667,0.2066666666666667,0.53
improved_focus,601689,2025-12-03,-0.0069127812913664,0.0038892345986309,0.0241231550547531,-0.0026275115919629,0.48979285,0.86,0.48613492,0.61,-0.0036579299999999,-0.25,0.35,0.0999999999999999,0.25
improved_focus,601689,2025-12-04,0.0237774786899956,0.0336277700294438,0.0121396054628224,-0.0189733784380056,0.43849105,0.98,0.4941566,0.3333333333333333,0.05566555,-0.6466666666666667,0.7233333333333334,0.0766666666666667,0.6466666666666667
improved_focus,601689,2025-12-05,0.0184474616292797,0.0194902548725635,0.057871810827629,0.0168984596979213,0.4489151,0.9166666666666666,0.47591704,0.7266666666666667,0.02700194,-0.1899999999999999,0.7833333333333333,0.5933333333333334,0.1899999999999999
improved_focus,601689,2025-12-08,0.0201492537313432,0.010294117647059,0.0646211064621107,0.0138724911452183,0.4633624,0.86,0.47598687,0.7166666666666667,0.0126244699999999,-0.1433333333333333,0.75,0.6066666666666667,0.1433333333333333
improved_focus,601689,2025-12-09,0.0176244075829383,-0.0177583697234353,0.0116941529235381,0.0071641791044776,0.49923506,0.71,0.48028648,0.68,-0.0189485799999999,-0.0299999999999999,0.49,0.4600000000000001,0.0299999999999999
improved_focus,601689,2025-12-10,-0.0154834940111013,0.0145228215767636,0.006764705882353,0.0139218009478674,0.4973655,0.7366666666666667,0.47968575,0.6533333333333333,-0.0176797499999999,-0.0833333333333333,0.2033333333333333,0.12,0.0833333333333333
improved_focus,601689,2025-12-11,-0.0126068685697725,0.0165059888986269,0.0129548762736535,0.0165059888986269,0.49732003,0.8133333333333334,0.48597047,0.5633333333333334,-0.01134956,-0.25,0.0933333333333333,0.1566666666666666,-0.0633333333333332
improved_focus,601689,2025-12-12,0.0095098756400878,-0.0070412415576951,0.0240071132187316,0.0013041588175626,0.512612,0.54,0.49416772,0.4066666666666667,-0.0184442799999999,-0.1333333333333333,0.1333333333333333,0.0,0.1333333333333333
improved_focus,601689,2025-12-15,0.0187745597438509,-0.0118668596237336,-0.0026292725679227,-0.0010241404535478,0.5503179,0.1966666666666666,0.4997935,0.2166666666666666,-0.0505244,0.0199999999999999,0.1066666666666666,0.0866666666666667,0.0199999999999999
improved_focus,601689,2025-12-16,0.0424332344213649,-0.0187463386057412,-0.037217991090674,-0.024887207102314,0.56470406,0.0966666666666666,0.50171006,0.17,-0.062994,0.0733333333333334,0.1033333333333334,0.03,0.0733333333333334
improved_focus,601689,2025-12-17,0.0184913413560317,0.032089552238806,0.0007235890014472,0.0259643916913947,0.5334392,0.37,0.5003824,0.2033333333333333,-0.0330568,-0.1666666666666666,0.0933333333333333,0.0733333333333333,0.02
improved_focus,601689,2025-12-18,0.0031884057971014,-0.010122921185828,0.0024897480960748,0.0045494570002935,0.5580019,0.0733333333333333,0.5100804,0.0466666666666666,-0.0479215,-0.0266666666666667,0.4366666666666667,0.4633333333333334,-0.0266666666666667
improved_focus,601689,2025-12-19,0.0212857142857143,0.0119795471146824,0.0338805970149254,0.003913043478261,0.53425264,0.2933333333333333,0.50475246,0.0766666666666666,-0.0295001799999999,-0.2166666666666666,0.0299999999999999,0.1866666666666667,-0.1566666666666667
improved_focus,601689,2025-12-22,0.0150868203814403,0.0155911650064961,0.0173535791757049,0.0049999999999998,0.5181176,0.51,0.50266814,0.1266666666666666,-0.0154494599999999,-0.3833333333333334,0.2233333333333333,0.1600000000000001,0.0633333333333332
improved_focus,601689,2025-12-23,0.0302593659942361,-0.0129353233830846,0.014463111760409,-0.0116709365214916,0.51796484,0.55,0.490044,0.45,-0.02792084,-0.1,0.41,0.31,0.1
improved_focus,601800,2025-11-26,0.0023446658851113,0.0011709601873537,0.0058823529411764,-0.0011682242990653,0.5746337,0.0533333333333333,0.5000417,0.2,-0.0745919999999999,0.1466666666666667,0.5133333333333333,0.3666666666666666,0.1466666666666666
improved_focus,601800,2025-11-27,0.0035377358490566,-0.0058479532163743,-0.0058479532163743,-0.003516998827667,0.5757991,0.0633333333333333,0.4945721,0.2933333333333333,-0.081227,0.2299999999999999,0.42,0.19,0.2299999999999999
improved_focus,601800,2025-11-28,0.0023474178403755,0.0023529411764706,-0.0023419203747072,0.0047169811320755,0.57020783,0.0366666666666666,0.49494693,0.21,-0.0752608999999999,0.1733333333333334,0.3733333333333334,0.1999999999999999,0.1733333333333334
improved_focus,601800,2025-12-01,0.0035169988276669,0.0023474178403755,-0.0011695906432749,0.0023474178403755,0.5585163,0.06,0.49400523,0.4566666666666666,-0.0645110699999999,0.3966666666666666,0.33,0.0666666666666666,0.2633333333333334
improved_focus,601800,2025-12-02,-0.0046783625730994,0.0023419203747072,0.0070588235294117,0.0035169988276668,0.5477103,0.1633333333333333,0.4893374,0.46,-0.0583729,0.2966666666666667,0.4166666666666666,0.1199999999999999,0.2966666666666667
improved_focus,601800,2025-12-03,-0.0094007050528789,-0.005841121495327,-0.0011737089201877,-0.0046783625730993,0.5524592,0.1766666666666666,0.4908314,0.4766666666666667,-0.0616278,0.3,0.3833333333333334,0.0833333333333333,0.3
improved_focus,601800,2025-12-04,-0.0023419203747072,0.0035252643948295,0.0,0.0035252643948295,0.54589283,0.2533333333333333,0.4938402,0.3366666666666666,-0.0520526299999999,0.0833333333333333,0.3066666666666667,0.2233333333333334,0.0833333333333333
improved_focus,601800,2025-12-05,-0.014018691588785,0.0023419203747072,0.0,0.0023419203747072,0.53544044,0.26,0.50513506,0.18,-0.03030538,-0.08,0.2566666666666667,0.3366666666666667,-0.08
improved_focus,601800,2025-12-08,-0.0094007050528789,-0.0046728971962616,0.0011750881316097,-0.0046728971962616,0.5384186,0.2433333333333333,0.50414586,0.2466666666666666,-0.03427274,0.0033333333333332,0.2233333333333333,0.22,0.0033333333333332
improved_focus,601800,2025-12-09,-0.0023724792408066,-0.0093896713615023,-0.0117096018735363,-0.0082256169212691,0.5313716,0.35,0.5075476,0.13,-0.023824,-0.2199999999999999,0.1633333333333333,0.3833333333333333,-0.2199999999999999
improved_focus,601800,2025-12-10,-0.0258215962441314,0.0118483412322274,-0.0023364485981308,0.0130486358244363,0.52458596,0.43,0.50189966,0.2433333333333333,-0.0226863,-0.1866666666666667,0.2366666666666666,0.4233333333333333,-0.1866666666666667
improved_focus,601800,2025-12-11,-0.0154028436018956,-0.0117096018735363,-0.0093896713615023,-0.0093896713615023,0.5538118,0.1166666666666666,0.496396,0.3233333333333333,-0.0574157999999999,0.2066666666666667,0.6533333333333334,0.4466666666666667,0.2066666666666667
improved_focus,601800,2025-12-12,-0.0106761565836299,-0.0023696682464454,-0.0023696682464454,-0.0023696682464454,0.5502925,0.08,0.49854305,0.3066666666666666,-0.0517494499999999,0.2266666666666665,0.63,0.4033333333333334,0.2266666666666666
improved_focus,601800,2025-12-15,-0.0118906064209274,-0.002375296912114,-0.0163934426229508,-0.00355871886121,0.5578889,0.1133333333333333,0.49072158,0.41,-0.06716732,0.2966666666666667,0.75,0.4533333333333333,0.2966666666666667
improved_focus,601800,2025-12-16,0.0,-0.013095238095238,-0.0177725118483411,-0.0142687277051128,0.5580468,0.1666666666666666,0.49504104,0.3133333333333333,-0.0630057599999999,0.1466666666666667,0.645,0.4983333333333333,0.1466666666666666
improved_focus,601800,2025-12-17,0.0024067388688327,0.0072376357056693,-0.0083135391923989,0.0060240963855422,0.54883814,0.18,0.4941309,0.34,-0.0547072399999999,0.16,0.3766666666666666,0.2166666666666666,0.16
improved_focus,601800,2025-12-18,0.0059952038369305,-0.0011976047904191,-0.0071428571428571,0.0036101083032489,0.5479609,0.15,0.48742622,0.4266666666666667,-0.0605346799999999,0.2766666666666667,0.3033333333333333,0.0266666666666666,0.2766666666666667
improved_focus,601800,2025-12-19,0.0084235860409144,-0.0083932853717026,-0.0024125452352232,-0.0083932853717026,0.54318136,0.21,0.48531106,0.4666666666666667,-0.0578702999999999,0.2566666666666667,0.1933333333333333,0.0633333333333333,0.1299999999999999
improved_focus,601800,2025-12-22,0.0060240963855422,0.0012091898428054,-0.0083832335329342,-0.0036101083032491,0.5238415,0.4266666666666667,0.4792123,0.7133333333333334,-0.0446291999999999,0.2866666666666667,0.0066666666666667,0.2933333333333334,-0.2866666666666667
improved_focus,601800,2025-12-23,-0.0036014405762305,0.0048309178743961,-0.0023980815347721,0.0024096385542169,0.5274916,0.4166666666666667,0.48105684,0.6833333333333333,-0.0464347599999999,0.2666666666666666,0.1699999999999999,0.0966666666666666,0.0733333333333333
worsened_focus,000002,2025-11-26,-0.0678571428571428,-0.0248344370860926,-0.0280528052805278,-0.0232172470978441,0.52480257,0.5433333333333333,0.4844802,0.5133333333333333,-0.0403223699999999,-0.03,0.4533333333333335,0.4833333333333335,-0.03
worsened_focus,000002,2025-11-27,-0.0831792975970425,-0.0713073005093378,-0.0943708609271521,-0.0232142857142856,0.5489055,0.29,0.5154949,0.06,-0.0334106,-0.2299999999999999,0.7066666666666668,0.9366666666666668,-0.2299999999999999
worsened_focus,000002,2025-11-28,-0.0679245283018868,-0.0164533820840951,-0.1092715231788079,-0.0055452865064695,0.5302033,0.5,0.47320744,0.74,-0.05699586,0.24,0.4666666666666668,0.2266666666666668,0.24
worsened_focus,000002,2025-12-01,-0.064885496183206,-0.0334572490706319,-0.1171477079796264,-0.0188679245283018,0.49033895,0.81,0.44651997,0.99,-0.04381898,0.1799999999999999,0.1733333333333331,0.0066666666666668,0.1666666666666663
worsened_focus,000002,2025-12-02,-0.0632183908045977,0.0,-0.0493601462522852,-0.0076335877862594,0.44178066,0.9566666666666668,0.40810093,0.9966666666666668,-0.03367973,0.04,0.0266666666666663,0.0133333333333336,0.0133333333333327
worsened_focus,000002,2025-12-03,-0.0403225806451612,-0.0365384615384615,-0.0687732342007434,-0.0402298850574712,0.46846947,0.9166666666666666,0.41124907,1.0,-0.0572204,0.0833333333333333,0.01,0.0933333333333333,-0.0833333333333333
worsened_focus,000002,2025-12-04,0.048582995951417,-0.0079840319361277,-0.0442307692307691,0.0020161290322582,0.44495597,0.9733333333333334,0.38925645,1.0,-0.05569952,0.0266666666666666,0.8600000000000001,0.8866666666666667,-0.0266666666666666
worsened_focus,000002,2025-12-05,0.046938775510204,-0.0040241448692153,-0.048076923076923,0.0020242914979757,0.46923068,0.8633333333333333,0.41231796,0.9933333333333332,-0.05691272,0.1299999999999999,0.82,0.9499999999999998,-0.1299999999999999
worsened_focus,000002,2025-12-08,0.0020449897750511,-0.0080808080808082,-0.0199600798403194,0.0020408163265304,0.45918587,0.8833333333333333,0.41914895,0.99,-0.0400369199999999,0.1066666666666666,0.6,0.7066666666666667,-0.1066666666666666
worsened_focus,000002,2025-12-09,0.0252100840336134,-0.0285132382892057,-0.0402414486921529,-0.0245398773006134,0.51609993,0.5133333333333333,0.4491539,0.9566666666666668,-0.0669460299999999,0.4433333333333334,0.37,0.8133333333333335,-0.4433333333333334
worsened_focus,000002,2025-12-10,-0.0501930501930502,0.10062893081761,0.0606060606060605,0.102941176470588,0.5353636,0.2866666666666667,0.5467525,0.01,0.0113888999999999,-0.2766666666666666,0.5833333333333333,0.86,-0.2766666666666667
worsened_focus,000002,2025-12-11,-0.0448343079922026,-0.0342857142857142,0.0325865580448065,-0.0212355212355211,0.5302755,0.4433333333333333,0.53422946,0.01,0.00395396,-0.4333333333333333,0.5233333333333334,0.9566666666666668,-0.4333333333333333
worsened_focus,000002,2025-12-12,-0.010204081632653,-0.009861932938856,0.0524109014675053,-0.0214424951267055,0.5486183,0.0933333333333333,0.5269559,0.0233333333333333,-0.0216623999999999,-0.0699999999999999,0.6133333333333334,0.6833333333333333,-0.0699999999999999
worsened_focus,000002,2025-12-15,0.0,-0.0298804780876494,-0.0723809523809524,-0.0061224489795919,0.57372427,0.0433333333333333,0.51858145,0.0233333333333333,-0.05514282,-0.02,0.65,0.67,-0.02
worsened_focus,000002,2025-12-16,-0.0081300813008129,0.0205338809034907,-0.019723865877712,0.0184426229508196,0.54945654,0.2433333333333333,0.52919406,0.0166666666666666,-0.0202624799999999,-0.2266666666666666,0.6633333333333333,0.89,-0.2266666666666666
worsened_focus,000002,2025-12-17,-0.0285714285714285,-0.0020120724346077,-0.0119521912350598,0.0081300813008129,0.5406925,0.27,0.5126361,0.0666666666666666,-0.0280563999999999,-0.2033333333333334,0.6733333333333333,0.8766666666666667,-0.2033333333333333
worsened_focus,000002,2025-12-18,-0.0123711340206186,-0.0181451612903225,0.0,-0.0061224489795919,0.52789974,0.3833333333333333,0.51074564,0.0333333333333333,-0.0171540999999999,-0.35,0.4533333333333333,0.8033333333333333,-0.35
worsened_focus,000002,2025-12-19,-0.0225409836065574,0.0061601642710473,-0.0140845070422535,0.0103092783505154,0.5152981,0.51,0.5003014,0.1433333333333333,-0.0149966999999999,-0.3666666666666667,0.4166666666666666,0.7833333333333333,-0.3666666666666667
worsened_focus,000002,2025-12-22,-0.0266393442622951,0.0061224489795919,-0.006048387096774,0.0102459016393443,0.5111602,0.57,0.49913624,0.2033333333333333,-0.0120239599999999,-0.3666666666666666,0.38,0.7466666666666666,-0.3666666666666666
worsened_focus,000002,2025-12-23,-0.0084033613445379,-0.028397565922921,-0.0164271047227926,-0.0184426229508197,0.5311898,0.3666666666666666,0.51095223,0.0566666666666666,-0.02023757,-0.31,0.3166666666666667,0.6266666666666667,-0.3099999999999999
worsened_focus,002236,2025-11-26,0.0313163481953291,0.0021253985122209,0.0249999999999999,0.0058666666666666,0.5094119,0.7433333333333333,0.47146335,0.7833333333333333,-0.03794855,0.04,0.58,0.62,-0.04
worsened_focus,002236,2025-11-27,0.022823779193206,-0.0010604453870626,0.0053361792956243,0.0,0.53504324,0.47,0.4785383,0.6733333333333333,-0.05650494,0.2033333333333333,0.2066666666666666,0.41,-0.2033333333333333
worsened_focus,002236,2025-11-28,0.0137348124669836,0.005307855626327,0.0063761955366632,0.005307855626327,0.5410442,0.3333333333333333,0.48833206,0.3833333333333333,-0.0527121399999999,0.0499999999999999,0.0766666666666667,0.1266666666666667,-0.0499999999999999
worsened_focus,002236,2025-12-01,-0.0025826446280992,0.0232312565997887,0.0275715800636267,0.0237717908082408,0.519727,0.4833333333333333,0.501785,0.28,-0.017942,-0.2033333333333332,0.0066666666666667,0.2099999999999999,-0.2033333333333332
worsened_focus,002236,2025-12-02,-0.0061952807493092,0.002579979360165,0.0313163481953291,0.0036157024793388,0.51394856,0.6066666666666667,0.4936206,0.3466666666666667,-0.0203279599999999,-0.26,0.0033333333333332,0.2566666666666667,-0.2533333333333334
worsened_focus,002236,2025-12-03,-0.0078961263751741,-0.008749356664951,0.016895459345301,-0.008749356664951,0.5435222,0.28,0.50100595,0.2233333333333333,-0.0425162499999999,-0.0566666666666667,0.2566666666666666,0.3133333333333333,-0.0566666666666667
worsened_focus,002236,2025-12-04,-0.0006042194344623,-0.0031152647975077,-0.0092879256965943,-0.0036325895173845,0.5562657,0.1333333333333333,0.5032801,0.14,-0.0529855999999999,0.0066666666666667,0.4,0.3933333333333333,0.0066666666666667
worsened_focus,002236,2025-12-05,-0.0266785640356492,0.0020833333333332,-0.0097786927431806,0.0026055237102657,0.5445583,0.1566666666666666,0.50243616,0.2333333333333333,-0.04212214,0.0766666666666667,0.5900000000000001,0.5133333333333334,0.0766666666666666
worsened_focus,002236,2025-12-08,-0.0245687401986409,0.0057172557172557,0.0046728971962617,0.0020714655618851,0.5522354,0.1266666666666666,0.51586837,0.0766666666666666,-0.03636703,-0.0499999999999999,0.6000000000000001,0.6500000000000001,-0.05
worsened_focus,002236,2025-12-09,-0.0311510031678985,-0.0067813633804902,0.0009781572180995,-0.004704652378463,0.5631559,0.0766666666666666,0.51799524,0.0466666666666666,-0.04516066,-0.03,0.7633333333333334,0.7933333333333333,-0.0299999999999999
worsened_focus,002236,2025-12-10,-0.0457894736842105,-0.0052521008403361,-0.0063491868632851,0.0,0.56243235,0.0666666666666666,0.5250397,0.03,-0.03739265,-0.0366666666666666,0.7566666666666668,0.7933333333333333,-0.0366666666666665
worsened_focus,002236,2025-12-11,-0.0128893662728248,-0.0190073917634635,-0.0307771917862137,-0.0221052631578947,0.56060886,0.0733333333333333,0.5147863,0.07,-0.0458225599999999,-0.0033333333333332,0.6533333333333333,0.6566666666666667,-0.0033333333333334
worsened_focus,002236,2025-12-12,-0.0037513397642014,0.0145317545748115,-0.0099789915966386,0.0123523093447905,0.54282945,0.1366666666666666,0.51136553,0.13,-0.03146392,-0.0066666666666665,0.4866666666666667,0.4933333333333333,-0.0066666666666665
worsened_focus,002236,2025-12-15,0.0201634877384195,-0.0254641909814323,-0.0300950369588173,-0.0155412647374061,0.5575887,0.12,0.49706134,0.2733333333333333,-0.06052736,0.1533333333333333,0.16,0.0066666666666667,0.1533333333333333
worsened_focus,002236,2025-12-16,0.0353006067291781,-0.0108873162765378,-0.0220667384284176,-0.0098092643051771,0.54621077,0.2966666666666667,0.48018357,0.6533333333333333,-0.0660271999999999,0.3566666666666666,0.0333333333333333,0.39,-0.3566666666666666
worsened_focus,002236,2025-12-17,0.0217627856365614,0.019812878370941,-0.0169761273209549,0.0220628792057362,0.53079987,0.44,0.47760352,0.71,-0.0531963499999999,0.2699999999999999,0.1966666666666667,0.4666666666666667,-0.2699999999999999
worsened_focus,002236,2025-12-18,0.027972027972028,-0.001618996222342,0.0070767555797497,0.0065288356909685,0.5254884,0.4133333333333333,0.4711807,0.76,-0.0543076999999999,0.3466666666666667,0.1866666666666666,0.5333333333333334,-0.3466666666666668
worsened_focus,002236,2025-12-19,0.016559829059829,0.0097297297297296,0.0280682443588331,0.0048413125336201,0.52059495,0.44,0.47503302,0.7066666666666667,-0.04556193,0.2666666666666666,0.12,0.3866666666666666,-0.2666666666666666
worsened_focus,002236,2025-12-22,0.016515716568993,0.0085653104925054,0.0167296276308688,0.0064102564102563,0.52227867,0.46,0.4800364,0.69,-0.0422422699999999,0.2299999999999999,0.19,0.4199999999999999,-0.2299999999999999
worsened_focus,002236,2025-12-23,0.0026624068157614,-0.0031847133757961,0.0151351351351349,0.0005327650506126,0.5403705,0.2366666666666666,0.49182707,0.4033333333333333,-0.04854343,0.1666666666666667,0.2133333333333334,0.0466666666666666,0.1666666666666667
worsened_focus,002422,2025-11-26,-0.0147398843930636,0.0371814092953524,0.0809374999999998,0.0353187668362764,0.45738712,0.96,0.49545068,0.29,0.0380635599999999,-0.6699999999999999,0.1266666666666666,0.5433333333333334,-0.4166666666666668
worsened_focus,002422,2025-11-27,-0.0127647229474905,-0.003758311650766,0.0354567307692308,-0.0040462427745664,0.49558583,0.9066666666666666,0.49016517,0.4033333333333333,-0.00542066,-0.5033333333333333,0.1733333333333333,0.3299999999999999,-0.1566666666666666
worsened_focus,002422,2025-11-28,-0.0037768739105171,-0.0011607661056297,0.0320839580209895,-0.0014505366985785,0.52126867,0.6533333333333333,0.493602,0.2633333333333333,-0.02766667,-0.39,0.1233333333333333,0.2666666666666667,-0.1433333333333334
worsened_focus,002422,2025-12-01,-0.0151206746147135,-0.0005810575246949,-0.0054929170280427,-0.0005810575246949,0.5266322,0.3633333333333333,0.49020794,0.55,-0.0364242599999999,0.1866666666666667,0.3266666666666666,0.1399999999999999,0.1866666666666667
worsened_focus,002422,2025-12-02,-0.0346142563801701,-0.0113372093023255,-0.0130586186883343,-0.011049723756906,0.53881973,0.2633333333333333,0.49797893,0.2266666666666666,-0.0408408,-0.0366666666666667,0.6766666666666666,0.7133333333333334,-0.0366666666666667
worsened_focus,002422,2025-12-03,-0.0481927710843373,-0.0002940311673037,-0.0122022080185938,-0.0026400704018773,0.5396517,0.3333333333333333,0.50191814,0.1966666666666666,-0.0377335599999999,-0.1366666666666667,0.6300000000000001,0.7666666666666668,-0.1366666666666667
worsened_focus,002422,2025-12-04,-0.0516185476815397,0.0029411764705882,-0.0087209302325581,0.0020570085218925,0.51987004,0.66,0.5179525,0.04,-0.0019175399999999,-0.62,0.3299999999999999,0.95,-0.62
worsened_focus,002422,2025-12-05,-0.05521110126956,-0.0108504398826979,-0.0082328726845045,-0.016331291921843,0.5258856,0.4166666666666667,0.5176917,0.0366666666666666,-0.0081938999999999,-0.3800000000000001,0.5533333333333332,0.9333333333333332,-0.3800000000000001
worsened_focus,002422,2025-12-08,-0.0574293527803099,-0.0216424547880225,-0.0294117647058822,-0.0256864481842337,0.5355193,0.27,0.5241714,0.0333333333333333,-0.0113479,-0.2366666666666667,0.6866666666666668,0.9233333333333336,-0.2366666666666667
worsened_focus,002422,2025-12-09,-0.0429144797777091,-0.0166666666666667,-0.0483870967741935,-0.0139775144333028,0.5280862,0.3966666666666666,0.5067033,0.1666666666666666,-0.0213828999999999,-0.23,0.5166666666666666,0.7466666666666666,-0.2299999999999999
worsened_focus,002422,2025-12-10,-0.054120541205412,0.0018489984591678,-0.0361695819745034,0.003704847175054,0.5314987,0.3466666666666667,0.49041504,0.4533333333333333,-0.0410836599999999,0.1066666666666666,0.5499999999999999,0.4433333333333333,0.1066666666666666
worsened_focus,002422,2025-12-11,-0.028125,-0.0159950784374038,-0.0306060606060607,-0.0162976629766298,0.51958203,0.6133333333333333,0.47888562,0.6733333333333333,-0.04069641,0.06,0.2866666666666667,0.2266666666666666,0.06
worsened_focus,002422,2025-12-12,-0.0009671179883944,-0.0262582056892778,-0.0400616332819723,-0.0265625,0.50048184,0.66,0.48146525,0.6833333333333333,-0.0190165899999999,0.0233333333333333,0.0666666666666666,0.0899999999999999,-0.0233333333333333
worsened_focus,002422,2025-12-15,0.0212903225806452,-0.0025682182985553,-0.0442940633651184,0.0016118633139909,0.47171858,0.91,0.43032005,0.9933333333333332,-0.0413985299999999,0.0833333333333331,0.6333333333333334,0.7166666666666666,-0.0833333333333331
worsened_focus,002422,2025-12-16,0.0221066319895968,-0.0157708400386223,-0.0440762738355736,-0.0135483870967741,0.4802694,0.9266666666666666,0.4268157,0.99,-0.0534536999999999,0.0633333333333333,0.48,0.5433333333333334,-0.0633333333333334
worsened_focus,002422,2025-12-17,-0.0028938906752411,0.0186396337475474,0.0,0.0126788036410923,0.46421933,0.89,0.43548858,0.9833333333333332,-0.0287307499999999,0.0933333333333331,0.2333333333333334,0.3266666666666665,-0.0933333333333331
worsened_focus,002422,2025-12-18,-0.0090351726363343,-0.0041733547351525,-0.0016092693916961,-0.002572347266881,0.45717242,0.93,0.43194664,0.9866666666666668,-0.02522578,0.0566666666666667,0.1433333333333334,0.2000000000000001,-0.0566666666666667
worsened_focus,002422,2025-12-19,-0.0372710044219836,0.0215989684074791,0.0362982341399606,0.0225879315908357,0.47090486,0.88,0.4640688,0.84,-0.0068360599999999,-0.04,0.0899999999999999,0.13,-0.04
worsened_focus,002422,2025-12-22,-0.068384223918575,-0.0069422530766802,0.0102728731942214,-0.0060012634238787,0.4802569,0.8166666666666667,0.4654055,0.8966666666666666,-0.0148513999999999,0.0799999999999999,0.1833333333333333,0.1033333333333333,0.0799999999999999
worsened_focus,002422,2025-12-23,-0.0706223798774589,-0.0149348585954877,-0.0006447453255963,-0.0139949109414757,0.48963436,0.8,0.47847366,0.7333333333333333,-0.0111606999999999,-0.0666666666666667,0.1899999999999999,0.2566666666666667,-0.0666666666666667
worsened_focus,300999,2025-11-26,-0.0077702702702703,-0.0130043347782593,-0.0414507772020724,-0.0136621126291235,0.5153167,0.6533333333333333,0.46185794,0.9066666666666666,-0.0534587599999999,0.2533333333333333,0.0999999999999999,0.1533333333333333,-0.0533333333333333
worsened_focus,300999,2025-11-27,-0.0215924426450742,0.0013513513513512,-0.0162628609359443,0.0013513513513512,0.49752387,0.8966666666666666,0.43989226,0.99,-0.05763161,0.0933333333333333,0.0666666666666666,0.16,-0.0933333333333333
worsened_focus,300999,2025-11-28,-0.0342396777442094,0.0030364372469635,-0.0086695565188396,0.0030364372469635,0.49379227,0.8833333333333333,0.43356517,0.9933333333333332,-0.0602270999999999,0.1099999999999998,0.01,0.1199999999999998,-0.1099999999999998
worsened_focus,300999,2025-12-01,-0.0202088245200403,-0.0003363605785402,0.0040540540540539,-0.0023497818059752,0.50257295,0.7,0.44237384,0.9966666666666668,-0.06019911,0.2966666666666668,0.07,0.2266666666666668,-0.1566666666666667
worsened_focus,300999,2025-12-02,-0.0180456247871977,-0.0107671601615073,-0.0080971659919028,-0.0097675985180194,0.50851196,0.6733333333333333,0.44012517,0.9933333333333332,-0.0683867899999999,0.3199999999999998,0.1333333333333333,0.1866666666666665,-0.0533333333333332
worsened_focus,300999,2025-12-03,-0.0055172413793102,-0.0119047619047619,-0.0228725193407333,-0.0108954715696288,0.53320795,0.4366666666666666,0.45262998,0.9733333333333334,-0.08057797,0.5366666666666668,0.0500000000000001,0.4866666666666667,-0.4366666666666666
worsened_focus,300999,2025-12-04,0.0079944386513728,-0.0096385542168674,-0.031965006729475,-0.0079310344827585,0.53016615,0.5366666666666666,0.45236748,0.9533333333333334,-0.07779867,0.4166666666666667,0.0966666666666666,0.5133333333333334,-0.4166666666666668
worsened_focus,300999,2025-12-05,-0.0137504297009281,0.0114702815432741,-0.010204081632653,0.0114702815432741,0.5101995,0.5933333333333334,0.45661804,0.92,-0.05358146,0.3266666666666666,0.0866666666666666,0.4133333333333333,-0.3266666666666666
worsened_focus,300999,2025-12-08,-0.0097087378640777,-0.00893470790378,-0.0072289156626504,-0.00859401856308,0.5075824,0.58,0.45826682,0.8933333333333333,-0.0493155799999999,0.3133333333333333,0.1033333333333332,0.4166666666666666,-0.3133333333333333
worsened_focus,300999,2025-12-09,-0.0100554785020804,0.0017337031900137,0.0041710114702815,0.0017337031900137,0.5035877,0.6766666666666666,0.46771735,0.8566666666666667,-0.0358703499999999,0.18,0.0499999999999999,0.2299999999999999,-0.18
worsened_focus,300999,2025-12-10,-0.0086206896551723,0.006576670128072,-0.0006872852233676,0.0083217753120665,0.5069929,0.6666666666666666,0.46843293,0.8066666666666666,-0.0385599699999999,0.14,0.23,0.37,-0.14
worsened_focus,300999,2025-12-11,0.0080167305681421,-0.0130674002751031,-0.0048543689320388,-0.0103448275862068,0.5347869,0.38,0.4786103,0.68,-0.0561765999999999,0.3,0.03,0.33,-0.3
worsened_focus,300999,2025-12-12,0.0115546218487394,-0.0024390243902439,-0.0089996538594668,-0.0020913210177762,0.54371214,0.1266666666666666,0.48647222,0.5666666666666667,-0.05723992,0.44,0.2300000000000001,0.2099999999999999,0.0200000000000001
worsened_focus,300999,2025-12-15,0.0227670753064798,0.0017464198393293,-0.013755158184319,0.0042016806722688,0.5493747,0.2066666666666666,0.48644766,0.49,-0.0629270399999999,0.2833333333333334,0.0499999999999999,0.2333333333333334,-0.1833333333333334
worsened_focus,300999,2025-12-16,0.017391304347826,0.0059274755927476,0.005226480836237,0.0105078809106831,0.54777336,0.2566666666666666,0.49427733,0.3333333333333333,-0.0534960299999999,0.0766666666666667,0.2500000000000001,0.1733333333333334,0.0766666666666667
worsened_focus,300999,2025-12-17,0.0013831258644536,0.006585788561525,0.0143206426825008,0.0100869565217389,0.53355956,0.3633333333333333,0.4973284,0.2533333333333333,-0.03623116,-0.1099999999999999,0.2233333333333333,0.3333333333333333,-0.1099999999999999
worsened_focus,300999,2025-12-18,0.0024229837313949,-0.0048209366391185,0.007670850767085,-0.0006915629322268,0.54285836,0.2033333333333333,0.497539,0.1966666666666666,-0.0453193599999999,-0.0066666666666667,0.32,0.3266666666666667,-0.0066666666666667
worsened_focus,300999,2025-12-19,-0.0041095890410959,0.0138408304498269,0.0155979202772962,0.0141917618553133,0.5364652,0.2733333333333333,0.50564456,0.0633333333333333,-0.0308206399999999,-0.21,0.3933333333333333,0.6033333333333333,-0.2099999999999999
worsened_focus,300999,2025-12-22,-0.0078632478632479,-0.0017064846416382,0.0072314049586776,0.0017123287671232,0.54229134,0.2066666666666666,0.50219,0.1366666666666666,-0.0401013399999999,-0.07,0.55,0.6200000000000001,-0.07
worsened_focus,300999,2025-12-23,-0.0027624309392264,-0.00991452991453,0.002076124567474,-0.00991452991453,0.56489414,0.0266666666666666,0.50465757,0.0966666666666666,-0.06023657,0.0699999999999999,0.5366666666666667,0.4666666666666668,0.0699999999999999
worsened_focus,600760,2025-11-26,-0.0084424534803583,-0.0326321020374357,0.008635578583765,-0.023411371237458,0.4897265,0.8966666666666666,0.48183134,0.5733333333333334,-0.00789516,-0.3233333333333332,0.1299999999999999,0.1933333333333333,-0.0633333333333334
worsened_focus,600760,2025-11-27,-0.0440799589953869,0.0022260273972602,-0.0436274509803921,0.0084424534803584,0.5036299,0.86,0.48330608,0.5633333333333334,-0.0203238199999999,-0.2966666666666666,0.0899999999999999,0.3866666666666666,-0.2966666666666666
worsened_focus,600760,2025-11-28,-0.0339011925042589,0.0030753459764223,-0.0274971012092097,0.0030753459764223,0.5047539,0.81,0.48122463,0.5633333333333334,-0.0235292699999999,-0.2466666666666667,0.0599999999999999,0.3066666666666666,-0.2466666666666667
worsened_focus,600760,2025-12-01,-0.0187607573149741,-0.0081757792539601,-0.0029109589041096,-0.0080068143100511,0.50673765,0.6333333333333333,0.4804815,0.73,-0.02625615,0.0966666666666666,0.1166666666666667,0.02,0.0966666666666666
worsened_focus,600760,2025-12-02,-0.0144222415291051,-0.0111626309462475,-0.01623099265334,-0.0089500860585197,0.4999313,0.7333333333333333,0.4733213,0.8166666666666667,-0.02661,0.0833333333333333,0.0166666666666667,0.0666666666666666,-0.0499999999999999
worsened_focus,600760,2025-12-03,-0.006970509383378,-0.0283084404307052,-0.0470107307102708,-0.0278019113814075,0.5233181,0.6033333333333334,0.4853764,0.6233333333333333,-0.0379417,0.0199999999999999,0.09,0.1099999999999999,-0.0199999999999999
worsened_focus,600760,2025-12-04,-0.0165755598659849,0.0134048257372654,-0.026275115919629,0.0134048257372654,0.51147115,0.73,0.46611246,0.8666666666666667,-0.0453586899999999,0.1366666666666667,0.0466666666666666,0.09,-0.0433333333333334
worsened_focus,600760,2025-12-05,-0.0456060340291177,0.0026455026455025,-0.0126780131990275,0.0024687004055721,0.50122786,0.69,0.45914486,0.9,-0.0420829999999999,0.21,0.2433333333333333,0.0333333333333332,0.21
worsened_focus,600760,2025-12-08,-0.0618829337094499,0.0014072119613017,0.0175156389633601,-0.0014032625855113,0.50241506,0.64,0.45950517,0.8866666666666667,-0.04290989,0.2466666666666667,0.3233333333333333,0.0766666666666666,0.2466666666666667
worsened_focus,600760,2025-12-09,-0.0221382289416846,-0.0233620235376778,-0.019400352733686,-0.0197461212976022,0.50388753,0.6666666666666666,0.45826164,0.9066666666666666,-0.0456258899999999,0.24,0.0833333333333333,0.1566666666666666,-0.0733333333333332
worsened_focus,600760,2025-12-10,-0.032454724762417,0.0039568345323741,-0.018117854001759,0.0046796256299497,0.50431454,0.6866666666666666,0.4534835,0.91,-0.0508310399999999,0.2233333333333333,0.0333333333333333,0.19,-0.1566666666666667
worsened_focus,600760,2025-12-11,-0.0102922256938063,-0.0254389107846649,-0.0444405410152819,-0.0245651784113322,0.5210285,0.59,0.4621589,0.89,-0.0588696,0.3,0.0966666666666666,0.2033333333333333,-0.1066666666666666
worsened_focus,600760,2025-12-12,0.0257470400300695,-0.0141544117647058,-0.035431654676259,-0.0143356000735158,0.49405095,0.7133333333333334,0.4766007,0.7533333333333333,-0.01745025,0.0399999999999999,0.5333333333333334,0.5733333333333333,-0.0399999999999998
worsened_focus,600760,2025-12-15,0.022455365359838,0.0130523960469886,-0.0266929415979936,0.0210486750610787,0.47915778,0.8966666666666666,0.45570105,0.9366666666666666,-0.0234567299999999,0.04,0.6366666666666666,0.6766666666666666,-0.04
worsened_focus,600760,2025-12-16,0.0168643439584877,-0.0079145959874838,-0.0091911764705883,-0.0079145959874838,0.50247574,0.8433333333333334,0.44923985,0.9733333333333334,-0.0532358899999999,0.13,0.33,0.4600000000000001,-0.13
worsened_focus,600760,2025-12-17,0.0018570102135562,0.0113172541743968,0.0164087264590713,0.0101927353595254,0.5008004,0.74,0.4561995,0.9366666666666666,-0.0446009,0.1966666666666666,0.1666666666666666,0.3633333333333333,-0.1966666666666666
worsened_focus,600760,2025-12-18,0.0185049468669841,0.0001834525775088,0.003497147064237,0.0124419684308265,0.5093794,0.61,0.46022168,0.89,-0.04915772,0.28,0.32,0.6000000000000001,-0.2800000000000001
worsened_focus,600760,2025-12-19,0.0347434743474347,0.0148569332355099,0.026530612244898,0.0137412971784536,0.5202495,0.4466666666666666,0.4774516,0.63,-0.0427979,0.1833333333333334,0.2633333333333333,0.4466666666666667,-0.1833333333333334
worsened_focus,600760,2025-12-22,0.0395480225988701,-0.0084944876197361,0.0064208402128049,-0.0124212421242124,0.5429047,0.2,0.48666593,0.5366666666666666,-0.0562387699999999,0.3366666666666666,0.0833333333333334,0.42,-0.3366666666666666
worsened_focus,600760,2025-12-23,0.0587581093605189,-0.0154939846882974,-0.0093543653705062,-0.0156734098778931,0.5485159,0.15,0.49294916,0.3433333333333333,-0.0555667399999999,0.1933333333333333,0.1066666666666666,0.3,-0.1933333333333333
worsened_focus,600930,2025-11-26,0.0796747967479673,-0.0016207455429497,0.0048939641109297,-0.0016207455429497,0.52859646,0.49,0.4635364,0.89,-0.06506006,0.4,0.4633333333333334,0.8633333333333334,-0.4
worsened_focus,600930,2025-11-27,0.0681818181818181,0.0,0.0065359477124182,0.0016260162601626,0.52346426,0.6433333333333333,0.45664677,0.9266666666666666,-0.06681749,0.2833333333333333,0.5833333333333333,0.8666666666666667,-0.2833333333333334
worsened_focus,600930,2025-11-28,0.0106382978723404,0.0113636363636364,0.0097244732576986,0.0113636363636364,0.53779817,0.3866666666666666,0.47862497,0.6333333333333333,-0.0591731999999999,0.2466666666666667,0.0866666666666666,0.3333333333333333,-0.2466666666666667
worsened_focus,600930,2025-12-01,0.015432098765432,0.0449438202247189,0.0568181818181816,-0.0106382978723404,0.38954338,0.99,0.44841906,0.9866666666666668,0.0588756799999999,-0.0033333333333331,0.7166666666666667,0.7133333333333335,0.0033333333333331
worsened_focus,600930,2025-12-02,-0.0165662650602408,0.0291858678955454,0.0876623376623377,0.0339506172839505,0.3175843,1.0,0.375034,1.0,0.0574496999999999,0.0,0.2133333333333333,0.2133333333333333,0.0
worsened_focus,600930,2025-12-03,-0.0075987841945288,-0.0164179104477611,0.057784911717496,-0.0075301204819276,0.4122469,0.9933333333333332,0.42307782,0.9966666666666668,0.0108309199999999,0.0033333333333336,0.4666666666666665,0.4700000000000002,-0.0033333333333336
worsened_focus,600930,2025-12-04,-0.0090225563909775,0.0045523520485584,0.0168970814132105,0.006079027355623,0.438317,0.9833333333333332,0.42326996,0.9933333333333332,-0.01504704,0.01,0.3133333333333331,0.3233333333333331,-0.01
worsened_focus,600930,2025-12-05,0.0091185410334345,-0.0075528700906344,-0.0194029850746269,-0.0120300751879699,0.4792411,0.8366666666666667,0.40868628,0.9966666666666668,-0.0705548199999999,0.1600000000000001,0.6566666666666667,0.8166666666666669,-0.1600000000000001
worsened_focus,600930,2025-12-08,0.0352220520673812,-0.0045662100456621,-0.007587253414264,-0.0060790273556231,0.49568304,0.6966666666666667,0.40836677,0.9966666666666668,-0.08731627,0.3000000000000001,0.6333333333333333,0.9333333333333336,-0.3000000000000002
worsened_focus,600930,2025-12-09,0.006125574272588,-0.0015290519877675,-0.0135951661631419,0.0,0.50940377,0.59,0.42036265,0.9966666666666668,-0.08904112,0.4066666666666668,0.2299999999999999,0.6366666666666668,-0.4066666666666668
worsened_focus,600930,2025-12-10,-0.022761760242792,0.0122511485451761,0.0060882800608828,0.0122511485451761,0.5037463,0.69,0.45227155,0.9233333333333332,-0.0514747499999999,0.2333333333333332,0.0633333333333332,0.2966666666666665,-0.2333333333333332
worsened_focus,600930,2025-12-11,-0.0331325301204818,0.0060514372163389,0.0168195718654435,0.0091047040971168,0.5153439,0.6833333333333333,0.4791514,0.6633333333333333,-0.0361924999999999,-0.02,0.2499999999999999,0.2699999999999999,-0.02
worsened_focus,600930,2025-12-12,-0.0562130177514792,0.019548872180451,0.0382848392036754,0.0210843373493976,0.46922848,0.8866666666666667,0.49461702,0.3966666666666666,0.02538854,-0.4900000000000001,0.0933333333333332,0.5833333333333334,-0.4900000000000001
worsened_focus,600930,2025-12-15,-0.0213089802130898,-0.023598820058997,0.0015128593040847,-0.0207100591715976,0.53019494,0.4266666666666667,0.507109,0.1233333333333333,-0.0230859399999999,-0.3033333333333334,0.51,0.8133333333333334,-0.3033333333333333
worsened_focus,600930,2025-12-16,-0.0077639751552796,-0.025679758308157,-0.0300751879699248,-0.0182648401826484,0.54640263,0.29,0.49043337,0.4266666666666667,-0.05596926,0.1366666666666667,0.6100000000000001,0.4733333333333333,0.1366666666666667
worsened_focus,600930,2025-12-17,-0.014018691588785,-0.0046511627906976,-0.0530973451327434,-0.0031055900621118,0.52906454,0.4633333333333333,0.46974528,0.81,-0.05931926,0.3466666666666667,0.3866666666666666,0.0399999999999999,0.3466666666666667
worsened_focus,600930,2025-12-18,-0.0047021943573668,-0.0046728971962617,-0.0347432024169185,-0.0046728971962617,0.4945334,0.76,0.44905114,0.9433333333333334,-0.04548226,0.1833333333333333,0.07,0.2533333333333334,-0.1833333333333333
worsened_focus,600930,2025-12-19,-0.0062208398133748,0.0062597809076683,-0.0031007751937984,0.0078369905956112,0.46795967,0.8933333333333333,0.43128195,0.9933333333333332,-0.0366777199999999,0.0999999999999998,0.1899999999999999,0.2899999999999998,-0.0999999999999998
worsened_focus,600930,2025-12-22,-0.0062597809076682,-0.0062208398133748,-0.0046728971962617,-0.0062208398133748,0.46058795,0.9033333333333332,0.42855662,0.9933333333333332,-0.03203133,0.0899999999999999,0.2033333333333332,0.2933333333333332,-0.0899999999999999
worsened_focus,600930,2025-12-23,-0.0015797788309636,-0.0093896713615022,-0.0093896713615022,-0.0093896713615022,0.46914855,0.8833333333333333,0.43714634,0.9933333333333332,-0.0320022099999999,0.1099999999999998,0.35,0.4599999999999998,-0.1099999999999998
worsened_focus,600958,2025-11-26,-0.0058027079303674,-0.0057692307692308,-0.0057692307692308,-0.0057692307692308,0.51364267,0.6766666666666666,0.46278533,0.9,-0.0508573399999999,0.2233333333333333,0.0533333333333333,0.17,-0.1166666666666667
worsened_focus,600958,2025-11-27,-0.0077745383867832,-0.0029013539651837,-0.0124521072796934,-0.0029013539651837,0.52535874,0.6166666666666667,0.45720494,0.9166666666666666,-0.0681538,0.2999999999999999,0.0433333333333333,0.2566666666666666,-0.2133333333333332
worsened_focus,600958,2025-11-28,-0.0115606936416184,0.0096993210475266,0.0009615384615384,0.011661807580175,0.5151689,0.7233333333333334,0.4664096,0.8333333333333334,-0.0487593,0.1099999999999999,0.0766666666666667,0.1866666666666667,-0.1099999999999999
worsened_focus,600958,2025-12-01,0.0258373205741626,0.0038424591738712,0.0106382978723404,0.0067437379576109,0.50413257,0.6766666666666666,0.4678484,0.9166666666666666,-0.03628417,0.24,0.51,0.75,-0.24
worsened_focus,600958,2025-12-02,0.0486381322957197,-0.0162679425837319,-0.0029097963142579,-0.0162679425837319,0.5248536,0.46,0.4715784,0.8566666666666667,-0.0532752,0.3966666666666666,0.3633333333333334,0.7600000000000001,-0.3966666666666667
worsened_focus,600958,2025-12-03,0.0479921645445641,-0.0077821011673152,-0.0201729106628243,-0.0077821011673152,0.5320513,0.46,0.4697707,0.88,-0.0622806,0.42,0.3633333333333334,0.7833333333333334,-0.42
worsened_focus,600958,2025-12-04,0.0526315789473684,0.0039215686274509,-0.0200956937799043,0.0029382957884427,0.5277431,0.57,0.4693656,0.8333333333333334,-0.0583775,0.2633333333333334,0.4716666666666667,0.7350000000000001,-0.2633333333333334
worsened_focus,600958,2025-12-05,-0.0111940298507463,0.0283203125,0.0243190661478598,0.0263157894736842,0.4937044,0.7433333333333333,0.504978,0.1833333333333333,0.0112736,-0.56,0.2866666666666667,0.2733333333333333,0.0133333333333333
worsened_focus,600958,2025-12-08,-0.0213358070500926,0.0265906932573598,0.0598039215686274,0.0083955223880596,0.429226,0.9466666666666668,0.47486848,0.7433333333333333,0.0456424799999999,-0.2033333333333334,0.2833333333333334,0.0799999999999999,0.2033333333333334
worsened_focus,600958,2025-12-09,0.0093457943925233,-0.0055504162812211,0.0498046875,-0.0027829313543599,0.46574888,0.8866666666666667,0.48065183,0.6733333333333333,0.01490295,-0.2133333333333333,0.5800000000000001,0.3666666666666667,0.2133333333333333
worsened_focus,600958,2025-12-10,-0.0055555555555555,0.0074418604651163,0.0284900284900284,0.0121495327102802,0.48557386,0.8333333333333334,0.48134652,0.62,-0.00422734,-0.2133333333333333,0.4533333333333333,0.24,0.2133333333333333
worsened_focus,600958,2025-12-11,0.0320754716981132,-0.0212373037857802,-0.0194264569842739,-0.0185185185185186,0.52842015,0.4733333333333333,0.4832976,0.6133333333333333,-0.0451225499999999,0.14,0.35,0.49,-0.14
worsened_focus,600958,2025-12-12,0.0208530805687203,-0.000943396226415,-0.0148837209302324,-0.000943396226415,0.5290408,0.3133333333333333,0.4785305,0.73,-0.0505102999999999,0.4166666666666667,0.07,0.4866666666666667,-0.4166666666666667
worsened_focus,600958,2025-12-15,-0.0037037037037036,0.0207743153918791,-0.0018467220683286,0.0246445497630332,0.5172574,0.5733333333333334,0.4834128,0.5566666666666666,-0.0338446,-0.0166666666666667,0.1766666666666666,0.1933333333333333,-0.0166666666666667
worsened_focus,600958,2025-12-16,-0.0027932960893854,-0.0083256244218316,0.0113207547169811,-0.0074074074074074,0.52525413,0.6,0.48417392,0.5566666666666666,-0.04108021,-0.0433333333333333,0.25,0.2933333333333333,-0.0433333333333333
worsened_focus,600958,2025-12-17,-0.0246800731261425,0.0298507462686568,0.0424929178470254,0.0279329608938547,0.49902675,0.7533333333333333,0.5074489,0.11,0.0084221499999999,-0.6433333333333333,0.1733333333333333,0.8166666666666667,-0.6433333333333333
worsened_focus,600958,2025-12-18,-0.0027855153203343,-0.0217391304347827,-0.0009250693802035,-0.0127970749542961,0.50657856,0.64,0.5015463,0.1233333333333333,-0.00503226,-0.5166666666666667,0.0133333333333333,0.53,-0.5166666666666667
worsened_focus,600958,2025-12-19,0.0065055762081783,-0.0009259259259259,0.0065298507462685,0.0018570102135559,0.5261638,0.37,0.4922727,0.2733333333333333,-0.0338910999999999,-0.0966666666666666,0.07,0.1666666666666666,-0.0966666666666666
worsened_focus,600958,2025-12-22,0.0261437908496732,-0.0083410565338276,-0.0307971014492753,-0.0055762081784387,0.5503204,0.15,0.49349865,0.3333333333333333,-0.05682175,0.1833333333333333,0.04,0.1433333333333333,-0.1033333333333333
worsened_focus,600958,2025-12-23,0.0196813495782567,0.002803738317757,-0.0064814814814814,0.0018674136321195,0.5219977,0.4966666666666666,0.48399848,0.61,-0.03799922,0.1133333333333334,0.2733333333333333,0.3866666666666667,-0.1133333333333334
worsened_focus,601377,2025-11-26,0.0392156862745097,-0.0089285714285713,0.016793893129771,-0.0089285714285713,0.521834,0.5833333333333334,0.47350624,0.7466666666666667,-0.04832776,0.1633333333333333,0.4633333333333334,0.6266666666666667,-0.1633333333333333
worsened_focus,601377,2025-11-27,0.0240601503759399,0.0015015015015016,-0.0029895366218234,0.0060331825037709,0.53204465,0.52,0.46730062,0.8133333333333334,-0.06474403,0.2933333333333333,0.29,0.5833333333333334,-0.2933333333333333
worsened_focus,601377,2025-11-28,0.0104321907600596,0.0149925037481257,0.007440476190476,0.0180451127819547,0.5346928,0.4133333333333333,0.48486868,0.4966666666666666,-0.0498241199999999,0.0833333333333333,0.1099999999999999,0.1933333333333333,-0.0833333333333333
worsened_focus,601377,2025-12-01,0.095168374816984,0.0132939438700148,0.03003003003003,0.0223546944858421,0.49448374,0.78,0.47738537,0.8033333333333333,-0.01709837,0.0233333333333333,0.76,0.7833333333333333,-0.0233333333333333
worsened_focus,601377,2025-12-02,0.0986937590711175,0.0,0.0284857571214391,0.0043923865300148,0.5044396,0.7,0.484099,0.6,-0.0203405999999999,-0.0999999999999999,0.6866666666666666,0.5866666666666667,0.0999999999999999
worsened_focus,601377,2025-12-03,0.0572687224669603,-0.0029154518950438,0.0103397341211226,-0.0072568940493468,0.5143088,0.7,0.48940846,0.51,-0.02490034,-0.1899999999999999,0.6299999999999999,0.44,0.1899999999999999
worsened_focus,601377,2025-12-04,0.0693215339233038,-0.0029239766081872,-0.0058309037900875,0.0014684287812039,0.5276544,0.5733333333333334,0.48716384,0.47,-0.0404905599999999,-0.1033333333333333,0.5166666666666667,0.4133333333333334,0.1033333333333333
worsened_focus,601377,2025-12-05,-0.0360962566844919,0.0557184750733139,0.0495626822157435,0.0619469026548673,0.41691056,0.96,0.4761788,0.7233333333333334,0.05926824,-0.2366666666666665,0.0799999999999999,0.1566666666666666,-0.0766666666666666
worsened_focus,601377,2025-12-08,-0.0647291941875824,0.0694444444444444,0.1257309941520468,0.0294117647058822,0.30409232,0.9966666666666668,0.3619341,1.0,0.0578417799999999,0.0033333333333331,0.0266666666666668,0.03,-0.0033333333333331
worsened_focus,601377,2025-12-09,0.0041666666666665,-0.0597402597402597,0.0615835777126099,-0.0435931307793923,0.37352875,0.9866666666666668,0.40560126,1.0,0.03207251,0.0133333333333331,0.5933333333333335,0.6066666666666667,-0.0133333333333331
worsened_focus,601377,2025-12-10,-0.0151724137931033,0.0027624309392266,0.0083333333333333,0.0083333333333333,0.40402257,0.9733333333333334,0.40021262,1.0,-0.00380995,0.0266666666666666,0.4466666666666667,0.4733333333333334,-0.0266666666666666
worsened_focus,601377,2025-12-11,0.01937018656987,-0.0027548209366391,-0.0597402597402597,-0.0013793103448276,0.40275773,0.9866666666666668,0.38978443,1.0,-0.0129732999999999,0.0133333333333331,0.7866666666666668,0.8,-0.0133333333333331
worsened_focus,601377,2025-12-12,0.0110687216769195,-0.0096685082872928,-0.0096685082872928,-0.0055478502080444,0.4310129,0.95,0.35110846,1.0,-0.0799044399999999,0.05,0.5833333333333334,0.6333333333333334,-0.05
worsened_focus,601377,2025-12-15,0.0068026089272279,0.0125523012552302,0.0,0.0254237288135592,0.43893024,0.98,0.37133262,0.9966666666666668,-0.06759762,0.0166666666666668,0.4366666666666666,0.4533333333333335,-0.0166666666666668
worsened_focus,601377,2025-12-16,0.0307740996159713,-0.0137741046831957,-0.0110497237569061,-0.0096818810511756,0.448882,0.9733333333333334,0.38665912,0.9966666666666668,-0.0622228799999999,0.0233333333333334,0.6533333333333333,0.6766666666666667,-0.0233333333333334
worsened_focus,601377,2025-12-17,-0.0054794520547945,0.0335195530726257,0.0320781032078103,0.0364145658263304,0.43945566,0.9466666666666668,0.41994315,0.99,-0.01951251,0.0433333333333332,0.2266666666666668,0.27,-0.0433333333333332
worsened_focus,601377,2025-12-18,0.0421940928270042,-0.0272109927257189,-0.0084519760565179,-0.0205479452054794,0.462723,0.9133333333333332,0.42701378,0.99,-0.0357092199999999,0.0766666666666667,0.7666666666666666,0.8433333333333334,-0.0766666666666667
worsened_focus,601377,2025-12-19,0.0262793914246197,0.0097902097902098,0.0152395022981264,0.0154711673699015,0.48307744,0.82,0.4463637,0.96,-0.03671374,0.14,0.5933333333333334,0.7333333333333334,-0.14
worsened_focus,601377,2025-12-22,0.0396716826265389,0.0124653739612188,-0.005442287667833,0.0110650069156292,0.50786835,0.6133333333333333,0.46335003,0.9066666666666666,-0.0445183199999999,0.2933333333333333,0.5,0.7933333333333333,-0.2933333333333333
worsened_focus,601377,2025-12-23,0.0234159779614325,-0.0027359781121749,0.0195804195804196,-0.0027359781121749,0.49110606,0.78,0.46202853,0.9466666666666668,-0.02907753,0.1666666666666667,0.5900000000000001,0.7566666666666668,-0.1666666666666667
worsened_focus,603019,2025-11-26,0.0040314452731303,0.027211599075436,0.0208833663986633,0.029157894736842,0.51010466,0.7333333333333333,0.48817047,0.4266666666666667,-0.0219341899999999,-0.3066666666666666,0.1999999999999999,0.1066666666666666,0.0933333333333333
worsened_focus,603019,2025-11-27,-0.0115141634399836,0.0139101974020661,0.0369246861924685,-0.0009070751864543,0.50180435,0.8766666666666667,0.49049437,0.3966666666666666,-0.0113099799999999,-0.4800000000000001,0.17,0.31,-0.14
worsened_focus,603019,2025-11-28,-0.0362658846529813,0.0003026329062847,0.0418155074595503,0.0103933156714897,0.49103615,0.9,0.46880484,0.8,-0.02223131,-0.0999999999999999,0.0133333333333333,0.0866666666666666,-0.0733333333333333
worsened_focus,603019,2025-12-01,-0.0132655096748453,0.0198668818071803,0.0343663700521632,-0.0114369501466274,0.5136143,0.57,0.49189177,0.51,-0.0217225299999999,-0.0599999999999999,0.0966666666666666,0.1566666666666666,-0.0599999999999999
worsened_focus,603019,2025-12-02,0.0068259385665529,-0.0150301592010284,0.0048421265005547,-0.0064831438260523,0.53255403,0.34,0.49685484,0.2566666666666666,-0.0356991899999999,-0.0833333333333334,0.0533333333333332,0.1366666666666667,-0.0833333333333334
worsened_focus,603019,2025-12-03,-0.0710236058138335,-0.0158618612589097,-0.0113957240822912,-0.0159606504717927,0.5626614,0.0866666666666666,0.5068848,0.1233333333333333,-0.0557765999999999,0.0366666666666666,0.9000000000000002,0.8633333333333335,0.0366666666666667
worsened_focus,603019,2025-12-04,-0.0970686682219293,0.0183617260022441,-0.0128547414219322,0.0290691681269972,0.55222,0.1566666666666666,0.5100809,0.0966666666666666,-0.0421391,-0.06,0.8433333333333334,0.9033333333333334,-0.06
worsened_focus,603019,2025-12-05,-0.1021934701303953,-0.0090153260542922,-0.0068266238329484,0.0034486256212598,0.5186658,0.4866666666666667,0.5021072,0.2433333333333333,-0.0165585999999999,-0.2433333333333334,0.5066666666666665,0.7499999999999999,-0.2433333333333334
worsened_focus,603019,2025-12-08,-0.1232303090727816,0.0242595774790255,0.0336631643374476,0.0242595774790255,0.4927452,0.7166666666666667,0.5036474,0.2566666666666666,0.0109021999999999,-0.4600000000000001,0.2833333333333333,0.7433333333333334,-0.4600000000000001
worsened_focus,603019,2025-12-09,-0.0514869063470926,-0.0118424948189085,0.003005108684764,-0.0016949152542372,0.5076741,0.6166666666666667,0.50183964,0.2766666666666666,-0.0058344599999999,-0.3400000000000001,0.33,0.6700000000000002,-0.3400000000000001
worsened_focus,603019,2025-12-10,-0.0621208717142214,-0.0999700389493657,-0.0890528656625897,0.0,0.5170412,0.5366666666666666,0.5198187,0.06,0.0027774999999999,-0.4766666666666666,0.3933333333333334,0.8700000000000001,-0.4766666666666667
worsened_focus,603019,2025-12-11,-0.0452600765593334,-0.0054371948513094,-0.115464324484358,0.0068523927207368,0.5160136,0.67,0.51769817,0.0566666666666666,0.0016845699999999,-0.6133333333333334,0.3033333333333333,0.9166666666666669,-0.6133333333333334
worsened_focus,603019,2025-12-12,-0.0224016374801001,-0.0075867455093159,-0.1116548486966941,0.0014636343165954,0.51374817,0.53,0.4721153,0.8133333333333334,-0.0416328699999999,0.2833333333333333,0.3099999999999999,0.0266666666666666,0.2833333333333333
worsened_focus,603019,2025-12-15,0.0176649508656995,-0.0390106801573918,-0.0514869063470927,-0.0279736183761655,0.5212816,0.5266666666666666,0.43794534,0.9833333333333332,-0.08333626,0.4566666666666665,0.2033333333333333,0.6599999999999999,-0.4566666666666666
worsened_focus,603019,2025-12-16,0.0470715055695292,-0.0322882545624707,-0.0770947227490794,-0.0322882545624707,0.4945831,0.88,0.40726736,0.9933333333333332,-0.0873157399999999,0.1133333333333331,0.72,0.8333333333333331,-0.1133333333333331
worsened_focus,603019,2025-12-17,0.0338443396226415,0.0394100580270793,-0.0333895446880271,0.0298239310097017,0.43034425,0.9666666666666668,0.38693357,0.9966666666666668,-0.0434106799999999,0.03,0.8033333333333335,0.8333333333333335,-0.03
worsened_focus,603019,2025-12-18,0.0140746772129812,-0.0127936729471969,-0.0070191857744501,0.0009433962264151,0.4575804,0.9233333333333332,0.41284528,0.9966666666666668,-0.04473512,0.0733333333333335,0.5766666666666665,0.6500000000000001,-0.0733333333333335
worsened_focus,603019,2025-12-19,-0.002529026324865,0.0114278982092366,0.0378384912959381,-0.0013958357566592,0.47117612,0.8733333333333333,0.4425696,0.97,-0.0286065199999999,0.0966666666666666,0.2633333333333333,0.36,-0.0966666666666666
worsened_focus,603019,2025-12-22,-0.0184168382521162,0.0184041933605125,0.0168643870667597,0.0050580526497299,0.48499998,0.79,0.46981928,0.8466666666666667,-0.0151806999999999,0.0566666666666666,0.1166666666666665,0.0599999999999999,0.0566666666666666
worsened_focus,603019,2025-12-23,-0.0304551157750656,0.0026306759693468,0.0327521206409047,0.0027453671928621,0.5174135,0.5566666666666666,0.50431734,0.1033333333333333,-0.01309616,-0.4533333333333333,0.36,0.8133333333333334,-0.4533333333333333
worsened_focus,688126,2025-11-26,0.070673076923077,-0.0081300813008129,-0.0038424591738712,-0.0043206913106097,0.54512316,0.2933333333333333,0.4864721,0.4766666666666667,-0.05865106,0.1833333333333334,0.26,0.4433333333333333,-0.1833333333333333
worsened_focus,688126,2025-11-27,0.0484730974309258,-0.0038572806171649,-0.0048169556840077,-0.0067307692307692,0.5333899,0.5033333333333333,0.47699967,0.6966666666666667,-0.0563902299999999,0.1933333333333333,0.3966666666666667,0.5900000000000001,-0.1933333333333333
worsened_focus,688126,2025-11-28,0.0064279155188247,0.0256534365924492,0.0133907221425155,0.0271449345613183,0.5318198,0.4666666666666667,0.500297,0.1333333333333333,-0.0315227999999999,-0.3333333333333333,0.1099999999999999,0.2233333333333333,-0.1133333333333334
worsened_focus,688126,2025-12-01,-0.0131998179335458,0.0453043888626711,0.0679845708775312,0.0169880624426079,0.4625034,0.9,0.49381143,0.46,0.0313080299999999,-0.44,0.24,0.2,0.0399999999999999
worsened_focus,688126,2025-12-02,-0.0246969016614279,0.0126410835214445,0.0856727976766698,0.0209376422394174,0.42904797,0.9733333333333334,0.47975883,0.6766666666666666,0.05071086,-0.2966666666666667,0.0933333333333333,0.2033333333333333,-0.1099999999999999
worsened_focus,688126,2025-12-03,-0.0060101710587147,-0.0298707088720463,0.0268994808872109,-0.0229007633587786,0.5074747,0.7666666666666667,0.49314132,0.4033333333333333,-0.0143333799999999,-0.3633333333333334,0.2666666666666667,0.0966666666666666,0.17
worsened_focus,688126,2025-12-04,-0.0022810218978103,0.0114889705882352,-0.0063205417607224,0.0175681923254737,0.48762146,0.8366666666666667,0.48214978,0.6133333333333333,-0.00547168,-0.2233333333333333,0.28,0.0566666666666666,0.2233333333333333
worsened_focus,688126,2025-12-05,-0.0221402214022139,-0.0149931849159472,-0.0334373606776638,-0.0109489051094892,0.50264347,0.6733333333333333,0.4806687,0.6333333333333333,-0.0219747699999999,-0.04,0.0133333333333333,0.0266666666666667,-0.0133333333333334
worsened_focus,688126,2025-12-08,-0.0331491712707183,0.0,-0.0036764705882353,0.0,0.4936438,0.7066666666666667,0.47908244,0.69,-0.01456136,-0.0166666666666667,0.1233333333333333,0.14,-0.0166666666666667
worsened_focus,688126,2025-12-09,-0.041860465116279,-0.0083025830258302,-0.0231712857791911,-0.0101289134438306,0.508222,0.61,0.48937777,0.51,-0.0188442299999999,-0.0999999999999999,0.3,0.4,-0.0999999999999999
worsened_focus,688126,2025-12-10,-0.0653863740283493,0.0181395348837207,0.0096863468634686,0.0181395348837207,0.49800286,0.73,0.51200706,0.11,0.0140041999999999,-0.62,0.2133333333333333,0.8333333333333334,-0.62
worsened_focus,688126,2025-12-11,-0.0316037735849056,-0.0251256281407035,-0.0156826568265682,-0.0242341106538637,0.5152254,0.69,0.5094132,0.1166666666666666,-0.0058121999999999,-0.5733333333333334,0.2266666666666666,0.8,-0.5733333333333334
worsened_focus,688126,2025-12-12,-0.0161904761904761,-0.0121836925960636,-0.0195348837209302,-0.0056603773584905,0.5153626,0.5166666666666667,0.5265305,0.03,0.0111679,-0.4866666666666667,0.2599999999999999,0.7466666666666666,-0.4866666666666667
worsened_focus,688126,2025-12-15,-0.0048543689320388,-0.0170777988614799,-0.0534490634993146,-0.0133333333333331,0.53064775,0.4233333333333333,0.49518332,0.3133333333333333,-0.0354644299999999,-0.1099999999999999,0.3466666666666667,0.4566666666666667,-0.1099999999999999
worsened_focus,688126,2025-12-16,0.039628180039139,-0.0183397683397684,-0.0468603561387066,-0.012621359223301,0.5238908,0.6166666666666667,0.46770206,0.8433333333333334,-0.05618874,0.2266666666666666,0.4000000000000001,0.6266666666666668,-0.2266666666666666
worsened_focus,688126,2025-12-17,0.0550414028251339,0.0176991150442478,-0.0180265654648955,0.012720156555773,0.5018735,0.7266666666666667,0.46483275,0.86,-0.0370407499999999,0.1333333333333333,0.6300000000000001,0.7633333333333334,-0.1333333333333333
worsened_focus,688126,2025-12-18,0.0522749273959342,-0.0077294685990338,-0.0086872586872587,0.0004870920603994,0.48432997,0.8333333333333334,0.4500302,0.94,-0.03429977,0.1066666666666665,0.7266666666666668,0.8333333333333334,-0.1066666666666665
worsened_focus,688126,2025-12-19,0.0731707317073169,-0.0014605647517039,0.0083579154375614,-0.0072604065827686,0.48427495,0.8133333333333334,0.4494219,0.9466666666666668,-0.03485305,0.1333333333333334,0.7733333333333333,0.9066666666666668,-0.1333333333333334
worsened_focus,688126,2025-12-22,0.0155294117647058,0.0287664553876156,0.0193236714975844,0.0292682926829268,0.48042306,0.8133333333333334,0.46924612,0.8533333333333334,-0.01117694,0.04,0.5333333333333333,0.5733333333333334,-0.04
worsened_focus,688126,2025-12-23,-0.0106186518928901,0.0194312796208531,0.0472249269717623,0.0122352941176469,0.46564373,0.8933333333333333,0.47669366,0.7766666666666666,0.01104993,-0.1166666666666667,0.1766666666666666,0.0599999999999999,0.1166666666666667
