profile_name,date,stock_id,target_weight,executed_weight,pred_return,target_return,selection_score,risk_penalty,volatility_20d,volatility_5d,turnover_rate,turnover_ratio_10d,amplitude_ratio_5d
base_technical_risk__risk_adjusted_sort__pred_weight__balanced_mt70,2025-11-26,601398,0.20590201284581747,0.14413140899207222,0.5698989,-0.0110429447852759,0.8729411764705882,0.6352941176470588,0.0101461424035491,0.0118146984026423,0.1228,0.062467554940301,0.2159789288849869
base_technical_risk__risk_adjusted_sort__pred_weight__balanced_mt70,2025-11-26,600000,0.2002461095617528,0.14017227669322693,0.5542444,0.0,0.8585294117647059,0.5602941176470588,0.0117611224609021,0.0117126645683932,0.1828,-0.3319445967181961,-0.0307692307692307
base_technical_risk__risk_adjusted_sort__pred_weight__balanced_mt70,2025-11-26,600887,0.19880183006524707,0.13916128104567294,0.5502469,0.0034246575342464,0.8544117647058823,0.4338235294117647,0.0122575327968883,0.0074609660910534,0.4562,-0.4723632620487851,-0.0393794749403338
base_technical_risk__risk_adjusted_sort__pred_weight__balanced_mt70,2025-11-26,601728,0.19802441930326678,0.13861709351228674,0.54809517,0.0190336749633966,0.825,0.4338235294117647,0.0079260273370132,0.0065309942732948,0.1667,0.2561223720895185,2.220446049250313e-16
base_technical_risk__risk_adjusted_sort__pred_weight__balanced_mt70,2025-11-26,600028,0.1970256282239159,0.1379179397567411,0.5453307,0.0366492146596859,0.7879411764705881,0.4720588235294118,0.0136336848148039,0.0080333072794263,0.1297,-0.3914797785493104,-0.1443850267379678
base_technical_risk__risk_adjusted_sort__pred_weight__balanced_mt70,2025-11-27,600887,0.20512276902515883,0.17950669926538065,0.5546813,0.0044750430292598,0.9442857142857143,0.2785714285714286,0.0123648508238935,0.0073099891858737,0.3544,-0.5672665999169699,-0.3796992481203007
base_technical_risk__risk_adjusted_sort__pred_weight__balanced_mt70,2025-11-27,601728,0.19841003230968185,0.17518951169540206,0.5365291,0.0236336779911373,0.8325714285714285,0.4085714285714286,0.0081572438301347,0.0070088946460592,0.1327,0.0069049245011001,0.0232558139534884
base_technical_risk__risk_adjusted_sort__pred_weight__balanced_mt70,2025-11-27,001965,0.19649796626879573,0.12018820180196872,0.5313586,0.0039603960396039,0.83,0.2785714285714286,0.0090141214169171,0.0044883645726043,0.1747,-0.2786952931461602,-0.1613588110403396
base_technical_risk__risk_adjusted_sort__pred_weight__balanced_mt70,2025-11-27,600415,0.20134445552620553,0.12315256240050965,0.5444642,0.0220541902961563,0.824,0.7371428571428572,0.0209794013737488,0.0120230307071043,0.552,-0.1567111735769499,0.1764705882352937
base_technical_risk__risk_adjusted_sort__pred_weight__balanced_mt70,2025-11-27,601127,0.19862477687015814,0.1214890678954195,0.5371098,-0.0075471698113206,0.8048571428571428,0.6900000000000001,0.019534082463743,0.0137661706450573,0.9787,-0.2033892786794511,-0.1369047619047617
base_technical_risk__risk_adjusted_sort__pred_weight__balanced_mt70,2025-11-28,300347,0.2028372518565009,0.07538435243784303,0.5348064,-0.0415686274509803,0.8871875,0.5640625,0.0195245099241311,0.0098297474405359,1.2893,-0.3384439347526028,-0.4264448336252188
base_technical_risk__risk_adjusted_sort__pred_weight__balanced_mt70,2025-11-28,600276,0.2006131118734071,0.07455775204357593,0.52894217,-0.0143363402061855,0.8665625,0.5109375,0.014195012515347,0.0125915822386255,0.3179,-0.313850337786795,-0.3604651162790698
base_technical_risk__risk_adjusted_sort__pred_weight__balanced_mt70,2025-11-28,000617,0.200112218328735,0.07437159523480533,0.5276215,-0.0208791208791208,0.8415625,0.4796875,0.014168571616043,0.0088397338099042,0.3416,-0.3022020672468031,-0.1179839633447877
base_technical_risk__risk_adjusted_sort__pred_weight__balanced_mt70,2025-11-28,300759,0.1996494454426491,0.07419960594770901,0.52640134,-0.0189830508474576,0.7940625,0.5609375000000001,0.0179838162656676,0.0104365489900299,0.6515,-0.3734130953296913,-0.3103448275862068
base_technical_risk__risk_adjusted_sort__pred_weight__balanced_mt70,2025-11-28,000333,0.1967879724987078,0.07313614111113141,0.5188567,0.0261904761904761,0.774375,0.190625,0.0104987528648032,0.006425913354691,0.2614,-0.3729460023508526,-0.4535840188014101
base_technical_risk__risk_adjusted_sort__pred_weight__balanced_mt70,2025-12-01,002074,0.20267487476939852,0.0736313250730287,0.5193719,-0.0112820512820512,0.9054545454545454,0.4727272727272728,0.0236179196524874,0.0052929438075655,1.9914,-0.2388807564563656,-0.3387096774193548
base_technical_risk__risk_adjusted_sort__pred_weight__balanced_mt70,2025-12-01,301269,0.2014531521123164,0.07318747598608565,0.51624113,-0.0370370370370369,0.8566666666666667,0.5651515151515152,0.0172568620166194,0.0071035577492791,0.6563,-0.0937461163506814,0.050185873605947
base_technical_risk__risk_adjusted_sort__pred_weight__balanced_mt70,2025-12-01,000157,0.20017753078704842,0.07272404563450524,0.51297224,0.0718711276332095,0.8418181818181818,0.4878787878787879,0.0148223154734206,0.0153610437863263,0.513,-0.3044633656922826,-0.2210767468499427
base_technical_risk__risk_adjusted_sort__pred_weight__balanced_mt70,2025-12-01,601818,0.19831320348283576,0.07204673972801243,0.50819474,-0.0222222222222222,0.8012121212121213,0.3878787878787879,0.0106722893500703,0.0126430227285352,0.5954,-0.2051158816618604,-0.3516355140186916
base_technical_risk__risk_adjusted_sort__pred_weight__balanced_mt70,2025-12-01,000895,0.1973812388484009,0.07170815907743738,0.5058065,-0.0157856093979442,0.7418181818181818,0.23030303030303031,0.0075589438605869,0.007643758213056,0.2367,-0.2484044073286127,-0.1730141458106636
base_technical_risk__risk_adjusted_sort__pred_weight__balanced_mt70,2025-12-02,600674,0.20222778388338453,0.08255079691192496,0.54255843,-0.0089041095890409,0.9569230769230769,0.2153846153846154,0.0073593015560789,0.0103685862317762,0.1683,-0.4847696311036277,-0.4793261868300154
base_technical_risk__risk_adjusted_sort__pred_weight__balanced_mt70,2025-12-02,600887,0.19972981103120124,0.12403110149882168,0.5358566,-0.0112627986348122,0.8958974358974359,0.2641025641025641,0.0119138080340103,0.0061441779803777,0.3883,-0.39627159226954,-0.2836468885672937
base_technical_risk__risk_adjusted_sort__pred_weight__balanced_mt70,2025-12-02,688012,0.20034851667973672,0.08178366688511801,0.53751653,0.0455540618398312,0.82,0.7717948717948718,0.0259647311905357,0.0132359603576725,1.2755,-0.2432153409832563,-0.1122787610619465
base_technical_risk__risk_adjusted_sort__pred_weight__balanced_mt70,2025-12-02,600276,0.19840598601936127,0.10908377035149891,0.5323049,0.0199672667757775,0.7974358974358975,0.49999999999999994,0.0133148362878478,0.0140210436606177,0.2858,-0.3621247628612878,-0.1826381059751972
base_technical_risk__risk_adjusted_sort__pred_weight__balanced_mt70,2025-12-02,002422,0.1992879023863164,0.08135071670657819,0.534671,-0.0346142563801701,0.7943589743589744,0.6435897435897435,0.0231313293440886,0.0190001528310684,0.3362,-0.4344066484976953,-0.416740872662511
base_technical_risk__risk_adjusted_sort__pred_weight__balanced_mt70,2025-12-03,600900,0.19969698969732597,0.07728002198796084,0.5328789,-0.0130742049469964,0.9267567567567567,0.09594594594594595,0.0037575912110966,0.0042613295369375,0.1856,-0.3808173477898249,-0.2857142857142859
base_technical_risk__risk_adjusted_sort__pred_weight__balanced_mt70,2025-12-03,002493,0.20253767849416826,0.07837932995957153,0.5404591,-0.0286885245901638,0.8813513513513513,0.5932432432432433,0.0229741327327317,0.0068053780270758,0.2797,-0.2665338018566108,-0.0996015936254981
base_technical_risk__risk_adjusted_sort__pred_weight__balanced_mt70,2025-12-03,300760,0.19884167637109798,0.07694902735074735,0.53059655,-0.01125,0.8227027027027027,0.4810810810810811,0.0140897056617302,0.0209495279798529,0.3686,-0.3838696197241955,-0.3201970443349755
base_technical_risk__risk_adjusted_sort__pred_weight__balanced_mt70,2025-12-03,600886,0.1982835894380311,0.07673305528965634,0.52910733,-0.0122390208783297,0.8121621621621622,0.39864864864864863,0.0103172562400093,0.011030630252563,0.1555,-0.2374834502035012,-0.1210191082802547
base_technical_risk__risk_adjusted_sort__pred_weight__balanced_mt70,2025-12-03,688012,0.20064006599937673,0.12777947859405514,0.53539544,0.0627197897747035,0.81,0.814864864864865,0.0259061414287168,0.0123175605056943,1.5217,-0.0999639204831105,-0.0308839190628326
base_technical_risk__risk_adjusted_sort__pred_weight__balanced_mt70,2025-12-04,600900,0.20196772053623663,0.129488924301921,0.5532661,-0.0113314447592067,0.9445,0.1525,0.0036901187904502,0.0040926433912842,0.1583,-0.4570958227587626,-0.1016949152542373
base_technical_risk__risk_adjusted_sort__pred_weight__balanced_mt70,2025-12-04,002493,0.20274092501933763,0.13045168708604268,0.5553842,-0.016649323621228,0.873,0.6350000000000001,0.0206799417480099,0.0104805010055879,0.2016,-0.4475501479776389,-0.0506329113924051
base_technical_risk__risk_adjusted_sort__pred_weight__balanced_mt70,2025-12-04,601919,0.19947224605122527,0.08352248962557063,0.54643005,-0.006653359946773,0.8604999999999999,0.4475,0.0124404515368894,0.0176042323793909,0.2241,-0.4696611132146914,-0.3682795698924731
base_technical_risk__risk_adjusted_sort__pred_weight__balanced_mt70,2025-12-04,605499,0.19811234286967044,0.08295307457349353,0.54270476,-0.0264051301395699,0.8335,0.4575,0.0141607392529092,0.0137555812441101,0.1267,-0.5088576191029964,-0.3967954759660698
base_technical_risk__risk_adjusted_sort__pred_weight__balanced_mt70,2025-12-04,002415,0.19770676552353017,0.082783252303198,0.54159373,-0.0105436573311366,0.83175,0.34125,0.0109164914566736,0.0099334018821527,0.2038,-0.422695597983117,-0.2307692307692308
base_technical_risk__risk_adjusted_sort__pred_weight__balanced_mt70,2025-12-05,601919,0.2019030770583137,0.1335257584889352,0.55009836,0.0026648900732844,0.87625,0.49375,0.0115743572950117,0.0175089418765678,0.2642,-0.308720793322693,-0.3953185955786735
base_technical_risk__risk_adjusted_sort__pred_weight__balanced_mt70,2025-12-05,601816,0.19894836114295614,0.08403462601339849,0.54204804,-0.0228571428571429,0.8734999999999999,0.3825,0.0066415173333929,0.0041379404958356,0.3037,0.3323681670615077,0.1148086522462563
base_technical_risk__risk_adjusted_sort__pred_weight__balanced_mt70,2025-12-05,600023,0.19769133915432052,0.08350366726561716,0.5386232,-0.0019417475728155,0.87075,0.27125000000000005,0.0078329844542719,0.0049330334691801,0.2575,-0.203698549649009,-0.1751700680272105
base_technical_risk__risk_adjusted_sort__pred_weight__balanced_mt70,2025-12-05,605499,0.20403990873410507,0.13409944625192977,0.5559203,-0.0101321753704338,0.86325,0.68375,0.0133693011664879,0.0133449587875277,0.2218,-0.0959484796608787,-0.0757128810226155
base_technical_risk__risk_adjusted_sort__pred_weight__balanced_mt70,2025-12-05,601186,0.19741731391030465,0.08338792060268005,0.5378766,-0.0051216389244559,0.835,0.325,0.0053607101345354,0.0028251893830357,0.2135,0.1170407575995395,0.2968299711815558
base_technical_risk__risk_adjusted_sort__pred_weight__balanced_mt70,2025-12-08,601816,0.2094375053091203,0.13730356806373162,0.57782376,-0.0153256704980842,0.9467391304347826,0.266304347826087,0.0058413965750892,0.0073559335464627,0.2033,-0.0920053595355068,0.0518053375196232
base_technical_risk__risk_adjusted_sort__pred_weight__balanced_mt70,2025-12-08,600741,0.2001176259662599,0.08500645504086617,0.55211085,0.0081012658227848,0.8876086956521739,0.4532608695652174,0.0095160320846378,0.0099905756892326,0.2858,-0.0829750368991849,0.2483994878361071
base_technical_risk__risk_adjusted_sort__pred_weight__balanced_mt70,2025-12-08,000333,0.1978512124352599,0.08730628921403781,0.54585797,-0.0222085889570552,0.8652173913043478,0.4565217391304348,0.0094210757185541,0.0098593859990896,0.394,-0.0794607602626106,0.3422459893048128
base_technical_risk__risk_adjusted_sort__pred_weight__balanced_mt70,2025-12-08,600023,0.19750521981037558,0.13192952582851478,0.5449034,0.0058479532163742,0.8643478260869566,0.3521739130434782,0.0077550065944696,0.007174087546958,0.3405,0.104694546280375,-0.0085470085470081
base_technical_risk__risk_adjusted_sort__pred_weight__balanced_mt70,2025-12-08,601298,0.1950884364789843,0.08287014361913178,0.53823566,0.0128205128205128,0.8208695652173912,0.4608695652173913,0.0119669742265228,0.0115466825251861,0.2832,-0.3280501115171071,-0.018181818181818
base_technical_risk__risk_adjusted_sort__pred_weight__balanced_mt70,2025-12-09,601816,0.20565201876639158,0.17992564257152377,0.5861392,-0.0096899224806201,0.9535294117647058,0.23235294117647057,0.0059105727462496,0.0080261100344542,0.1637,-0.251999086132054,-0.1468842729970327
base_technical_risk__risk_adjusted_sort__pred_weight__balanced_mt70,2025-12-09,600741,0.2001355030208791,0.15680089676658504,0.5704163,0.018935516888434,0.893921568627451,0.43235294117647055,0.0095570104111752,0.0108024192309413,0.2105,-0.2924369747899159,0.0487804878048776
base_technical_risk__risk_adjusted_sort__pred_weight__balanced_mt70,2025-12-09,600018,0.198134640245381,0.12355670556237743,0.56471354,-0.0035971223021583,0.8894117647058823,0.25882352941176473,0.0073474315165571,0.0098000069807655,0.1158,-0.2761142714258924,-0.3149807938540332
base_technical_risk__risk_adjusted_sort__pred_weight__balanced_mt70,2025-12-09,601298,0.19927509231021376,0.15546023666704828,0.567964,0.0198366394399066,0.8794117647058823,0.4068627450980392,0.0118845950051331,0.0118800485374602,0.1643,-0.5682791602070578,-0.4780927835051546
base_technical_risk__risk_adjusted_sort__pred_weight__balanced_mt70,2025-12-09,600023,0.19680274565713457,0.17238444734714115,0.56091744,0.0117416829745598,0.873921568627451,0.23823529411764707,0.0077151641529828,0.0064642082962888,0.2151,-0.2660706974204995,-0.1609589041095888
base_technical_risk__risk_adjusted_sort__pred_weight__balanced_mt70,2025-12-10,601816,0.20514859001372118,0.1992255861478204,0.56359893,-0.0136186770428014,0.9321276595744681,0.3393617021276596,0.0059054608591929,0.0055916686112911,0.228,0.0116248114295856,-0.085173501577287
base_technical_risk__risk_adjusted_sort__pred_weight__balanced_mt70,2025-12-10,600406,0.20117601980090963,0.1539346596966637,0.5526852,0.0053073861123396,0.9023404255319148,0.38191489361702124,0.010826989897937,0.0091053737970306,0.295,-0.3008153204398938,-0.0534979423868311
base_technical_risk__risk_adjusted_sort__pred_weight__balanced_mt70,2025-12-10,600741,0.19939330574492092,0.1893915006975592,0.5477876,-0.0095959595959594,0.8870212765957447,0.3521276595744681,0.0098610192660467,0.0085226258652464,0.2243,-0.2349931787175989,-0.0860927152317883
base_technical_risk__risk_adjusted_sort__pred_weight__balanced_mt70,2025-12-10,600023,0.19741301385701643,0.19153565568800496,0.5423472,-0.0038910505836575,0.8748936170212767,0.30638297872340425,0.0078636248389354,0.0050728829974713,0.2517,-0.1394871794871797,-0.0316205533596833
base_technical_risk__risk_adjusted_sort__pred_weight__balanced_mt70,2025-12-10,000333,0.19686907058343195,0.1583559724579219,0.54085284,-0.0051173240139789,0.852127659574468,0.3138297872340426,0.008614140110689,0.0088477349003094,0.3541,-0.1698705926481619,-0.3179122182680901
base_technical_risk__risk_adjusted_sort__pred_weight__balanced_mt70,2025-12-11,000166,0.19904306915424122,0.06967513000342931,0.54210895,0.0269749518304432,0.8686538461538461,0.3682692307692308,0.0112824490406192,0.01292690823797,0.3104,-0.1655016668458974,-0.2764578833693303
base_technical_risk__risk_adjusted_sort__pred_weight__balanced_mt70,2025-12-11,601881,0.19934122494802897,0.06977949959430081,0.542921,0.0254614894971354,0.8648076923076923,0.4836538461538462,0.0117150345071824,0.0162045622925806,0.3599,-0.1882992399467739,-0.1721542803386641
base_technical_risk__risk_adjusted_sort__pred_weight__balanced_mt70,2025-12-11,601319,0.20198293558250172,0.07070423177749328,0.5501159,0.0650887573964496,0.855,0.725,0.0248336581314303,0.0292051112519999,0.1623,-0.4367712382009995,-0.1285900783289817
base_technical_risk__risk_adjusted_sort__pred_weight__balanced_mt70,2025-12-11,603392,0.19880031845777824,0.06959015499572696,0.5414478,-0.018490967056323,0.8441346153846154,0.29855769230769236,0.0146898428264407,0.0099421714199775,0.1635,-0.4455371676614215,-0.3906976744186046
base_technical_risk__risk_adjusted_sort__pred_weight__balanced_mt70,2025-12-11,600309,0.20083245185744983,0.07030150435045736,0.54698247,0.0841244340587119,0.8396153846153845,0.7057692307692307,0.0190532648425287,0.0184379575416752,0.6369,-0.3677219525270273,0.1394557823129252
base_technical_risk__risk_adjusted_sort__pred_weight__balanced_mt70,2025-12-12,600309,0.2041466186227904,0.12957450726978206,0.5431216,0.0968731735827001,0.9213636363636364,0.39318181818181824,0.0162453741705562,0.0059375938909495,0.7202,-0.2460770253436202,-0.2323481116584564
base_technical_risk__risk_adjusted_sort__pred_weight__balanced_mt70,2025-12-12,603392,0.20239214011973403,0.1284012105560457,0.5384539,-0.0135996600084998,0.8904545454545455,0.43409090909090914,0.014754113624678,0.0099638758723241,0.1941,-0.2778480541706972,-0.0878378378378379
base_technical_risk__risk_adjusted_sort__pred_weight__balanced_mt70,2025-12-12,601901,0.19763076278408334,0.08752033156484638,0.5257865,0.0051746442432083,0.8636363636363635,0.3409090909090909,0.0113831228663405,0.0097410802126814,0.5887,-0.168220865830225,-0.196567862714509
base_technical_risk__risk_adjusted_sort__pred_weight__balanced_mt70,2025-12-12,000166,0.19761433698324274,0.12633271537767643,0.5257428,0.0134615384615386,0.8268181818181818,0.4113636363636364,0.0114416661146835,0.0100996785268058,0.3695,-0.039036696054719,-0.2438070404172099
base_technical_risk__risk_adjusted_sort__pred_weight__balanced_mt70,2025-12-12,600346,0.1982161414901495,0.08777956518679968,0.52734387,0.0580503833515882,0.8200000000000001,0.6727272727272726,0.0202242616791293,0.0089635662375573,0.2467,0.0496532357571375,-0.0771349862258955
base_technical_risk__risk_adjusted_sort__pred_weight__balanced_mt70,2025-12-15,601186,0.20118934196238428,0.08881277335867203,0.5440497,0.0038560411311054,0.9251063829787234,0.2680851063829787,0.0061850917902641,0.0082677169728156,0.2213,-0.0805600565042171,-0.3798449612403102
base_technical_risk__risk_adjusted_sort__pred_weight__balanced_mt70,2025-12-15,603392,0.2031455076970821,0.16107520291910563,0.5493395,0.0043290043290043,0.9068085106382979,0.46595744680851064,0.0147080621427609,0.0121290287699522,0.1857,-0.2314696022844844,-0.1121951219512193
base_technical_risk__risk_adjusted_sort__pred_weight__balanced_mt70,2025-12-15,000538,0.19766178693953732,0.08640658838151553,0.5345106,0.0125380619738492,0.8840425531914894,0.15425531914893614,0.0041784651895283,0.0044580518922488,0.2513,-0.20080142475512,-0.1235632183908046
base_technical_risk__risk_adjusted_sort__pred_weight__balanced_mt70,2025-12-15,600023,0.19763053887636256,0.12543211374513735,0.5344261,-0.0019342359767891,0.8534042553191489,0.20106382978723403,0.0071008620426291,0.0030894053782317,0.2541,-0.1549717326238777,-0.1666666666666663
base_technical_risk__risk_adjusted_sort__pred_weight__balanced_mt70,2025-12-15,600150,0.20037282452463376,0.08759170115586226,0.5418417,-0.0195150798344174,0.8312765957446808,0.524468085106383,0.0158898092917798,0.0159472634529114,0.5772,-0.254138291961182,-0.2551963048498845
base_technical_risk__risk_adjusted_sort__pred_weight__balanced_mt70,2025-12-16,600436,0.20279390544574513,0.07789854414939608,0.5584387,0.0065550743298607,0.9172093023255814,0.41395348837209306,0.0114043650425924,0.017879082436712,0.208,-0.3846699997041684,-0.4731064763995609
base_technical_risk__risk_adjusted_sort__pred_weight__balanced_mt70,2025-12-16,601186,0.20108498405538106,0.13193952187946387,0.5537328,0.0064683053040103,0.9009302325581395,0.2627906976744186,0.0061900882060992,0.0070925450440833,0.1931,-0.2019342040006613,-0.0816326530612246
base_technical_risk__risk_adjusted_sort__pred_weight__balanced_mt70,2025-12-16,601607,0.19932530596752415,0.07656616264120003,0.54888713,0.0072910824453169,0.8858139534883721,0.22209302325581398,0.0055005388338696,0.0080863734792,0.3094,-0.3163488521112756,-0.140893470790378
base_technical_risk__risk_adjusted_sort__pred_weight__balanced_mt70,2025-12-16,002311,0.2014331306239316,0.0773758342715946,0.5546915,-0.0068709377901579,0.8753488372093022,0.5069767441860465,0.0159816405675666,0.0148094378516402,0.2276,-0.4695133320902479,-0.0703052728954671
base_technical_risk__risk_adjusted_sort__pred_weight__balanced_mt70,2025-12-16,000651,0.19536267390741804,0.07504401005084729,0.53797513,0.0007345739471107,0.8316279069767442,0.14418604651162792,0.0045089937490166,0.0028646585347646,0.4561,-0.2479306137255548,-0.4151376146788991
base_technical_risk__risk_adjusted_sort__pred_weight__balanced_mt70,2025-12-17,601607,0.20449940049789786,0.13521105850765874,0.5737237,0.0,0.971063829787234,0.1446808510638298,0.005495681647608,0.0079073530358451,0.2663,-0.3857403178557425,-0.1989881956155145
base_technical_risk__risk_adjusted_sort__pred_weight__balanced_mt70,2025-12-17,001965,0.19995395549537606,0.09167960599271661,0.56097144,-0.004040404040404,0.8963829787234043,0.3053191489361702,0.0108945354998641,0.0045656351381479,0.1962,-0.303291786513263,-0.2130434782608696
base_technical_risk__risk_adjusted_sort__pred_weight__balanced_mt70,2025-12-17,002311,0.19996462024926875,0.13357082087944672,0.56100136,-0.0035329118631461,0.8708510638297872,0.5393617021276595,0.0155655818120396,0.014679300335622,0.2485,-0.4106067074616953,-0.071011673151751
base_technical_risk__risk_adjusted_sort__pred_weight__balanced_mt70,2025-12-17,600436,0.19877095555079216,0.13330674063155457,0.55765253,-0.0046865846514351,0.8474468085106384,0.4436170212765958,0.0114276442314761,0.0072555507782104,0.242,-0.2184219875335078,-0.0015015015015015
base_technical_risk__risk_adjusted_sort__pred_weight__balanced_mt70,2025-12-17,601298,0.19681106820666522,0.09270055762687485,0.55215406,0.0058890426387785,0.8385106382978723,0.3819148936170213,0.010079925723805,0.0091030345481921,0.2408,-0.168048645660586,-0.2603129445234707
base_technical_risk__risk_adjusted_sort__pred_weight__balanced_mt70,2025-12-18,603288,0.20136901397386928,0.0797322167185826,0.56417197,-0.0045321247667289,0.9292,0.254,0.0065830215479338,0.0036204958693579,0.1372,-0.1335648879065362,-0.4323873121869782
base_technical_risk__risk_adjusted_sort__pred_weight__balanced_mt70,2025-12-18,600741,0.20178455004892168,0.08767446521399362,0.56533617,0.0126198889449772,0.9238,0.381,0.0092432862644336,0.0116649298004455,0.2141,-0.3832459526415854,-0.3936477382098172
base_technical_risk__risk_adjusted_sort__pred_weight__balanced_mt70,2025-12-18,601298,0.2012665505302468,0.13568734642628283,0.5638849,-0.0104138504505419,0.8872,0.364,0.0098770712405583,0.0082348573962511,0.1884,-0.3233973783444064,-0.4748858447488585
base_technical_risk__risk_adjusted_sort__pred_weight__balanced_mt70,2025-12-18,601985,0.19715534182617878,0.07806380997500928,0.5523666,0.0034482758620689,0.8668,0.16600000000000004,0.0067172444905415,0.0082220680422975,0.1907,-0.4665435828577822,-0.4325657894736845
base_technical_risk__risk_adjusted_sort__pred_weight__balanced_mt70,2025-12-18,600406,0.19842454362078346,0.08488796649319331,0.5559225,0.005240174672489,0.8302,0.449,0.0099446060451544,0.0136646257996169,0.29,-0.3625813258308422,-0.5408734602463606
base_technical_risk__risk_adjusted_sort__pred_weight__balanced_mt70,2025-12-19,000538,0.2059285233086154,0.10399857862943225,0.5663009,0.0040686361224128,0.9566,0.217,0.0041993974729165,0.0041425755455519,0.2789,-0.0994801588582869,-0.3830334190231362
base_technical_risk__risk_adjusted_sort__pred_weight__balanced_mt70,2025-12-19,601018,0.19958402213490656,0.09167134229151311,0.5488536,-0.0080862533692721,0.9344,0.22800000000000004,0.0082519633201999,0.0064861473566396,0.2241,-0.4580804294730733,-0.2960526315789473
base_technical_risk__risk_adjusted_sort__pred_weight__balanced_mt70,2025-12-19,600406,0.1979351783784543,0.1368119108299303,0.5443193,0.0079120879120878,0.8497999999999999,0.45100000000000007,0.0081690308630619,0.0075761726467704,0.3942,-0.1004107713372889,-0.1734417344173442
base_technical_risk__risk_adjusted_sort__pred_weight__balanced_mt70,2025-12-19,601298,0.19917722031095508,0.164849009262162,0.5477349,-0.0071076032714341,0.8366,0.617,0.0095563958529761,0.0079374126568865,0.26,-0.0433438810802855,0.1227544910179641
base_technical_risk__risk_adjusted_sort__pred_weight__balanced_mt70,2025-12-19,000725,0.19737505586706866,0.09065673751161496,0.54277897,-0.0073349633251834,0.8224,0.4880000000000001,0.0163835461565122,0.0081563433440076,1.1736,-0.397777070782746,-0.4085365853658539
base_technical_risk__risk_adjusted_sort__pred_weight__balanced_mt70,2025-12-22,000538,0.2049849256782158,0.15097395175517583,0.5552309,0.0019444935478169,0.9338,0.331,0.0041946448304422,0.0041650900326038,0.3713,0.1755208003545876,-0.0796019900497513
base_technical_risk__risk_adjusted_sort__pred_weight__balanced_mt70,2025-12-22,000166,0.20040711240533216,0.09736553986224451,0.54283124,0.017208892125609,0.8864,0.468,0.0089046760816392,0.0096320241268716,0.2671,-0.2538063975415561,-0.3763676148796498
base_technical_risk__risk_adjusted_sort__pred_weight__balanced_mt70,2025-12-22,601607,0.19869507405183345,0.11604451700502273,0.53819394,-0.0055679287305122,0.8832,0.184,0.0057364223828949,0.0077056629997861,0.3107,-0.3192673414837212,-0.6020408163265306
base_technical_risk__risk_adjusted_sort__pred_weight__balanced_mt70,2025-12-22,600999,0.1995130151150728,0.09280658824053938,0.54040945,-0.002979737783075,0.8719999999999999,0.44000000000000006,0.0094973474647678,0.0088662006187809,0.345,-0.2542797855784197,-0.5468509984639017
base_technical_risk__risk_adjusted_sort__pred_weight__balanced_mt70,2025-12-22,601018,0.19639987274954573,0.14038745034917302,0.53197706,-0.0081081081081079,0.83,0.25,0.0081716918981168,0.0051917132256465,0.2198,-0.4556576438247605,-0.2857142857142856
base_technical_risk__risk_adjusted_sort__pred_weight__balanced_mt70,2025-12-23,000538,0.20385526728842474,0.18118901319237984,0.56329644,0.0087188612099645,0.9252173913043478,0.3739130434782609,0.0044381931702605,0.0057908414972254,0.3767,0.1644513137557959,0.0208816705336425
base_technical_risk__risk_adjusted_sort__pred_weight__balanced_mt70,2025-12-23,601607,0.19968505989733007,0.16383463184328154,0.55177325,-0.004466778336125,0.9178260869565218,0.19347826086956524,0.0055951020291699,0.0071387441993703,0.2396,-0.4678393745557924,-0.3237250554323725
base_technical_risk__risk_adjusted_sort__pred_weight__balanced_mt70,2025-12-23,603288,0.20159307112665967,0.12506798069924752,0.5570455,-0.0140397350993378,0.8939130434782608,0.4217391304347826,0.007106406145295,0.0092694054985767,0.1979,-0.0380595926700044,-0.360374414976599
base_technical_risk__risk_adjusted_sort__pred_weight__balanced_mt70,2025-12-23,000166,0.19820265396481693,0.15498134550240328,0.54767704,0.011494252873563,0.851304347826087,0.41739130434782606,0.0090379659538772,0.0092418088811123,0.2595,-0.2350999233626127,-0.3631284916201117
base_technical_risk__risk_adjusted_sort__pred_weight__balanced_mt70,2025-12-23,600519,0.19666394772276868,0.11236886229107508,0.54342526,-0.0028398778638994,0.8210869565217391,0.35108695652173916,0.0052636001362826,0.0038572779549964,0.1957,-0.0945683353382066,0.1359026369168359
base_technical_risk__risk_adjusted_sort__pred_weight__balanced_mt70,2025-12-24,601186,0.20191729715459203,0.10348075914179009,0.5711097,-0.0166240409207161,0.9233333333333333,0.25512820512820517,0.0048028615139906,0.0024692067381867,0.1937,-0.0976007453994874,0.0423452768729639
base_technical_risk__risk_adjusted_sort__pred_weight__balanced_mt70,2025-12-24,601390,0.1998127861406943,0.09975089282841419,0.56515723,-0.003690036900369,0.8792307692307691,0.3474358974358974,0.0054283585383265,0.0015545260908107,0.2938,-0.0118390959235841,0.2015503875968993
base_technical_risk__risk_adjusted_sort__pred_weight__balanced_mt70,2025-12-24,600519,0.19597340685114714,0.15410607103260146,0.5542978,-0.0106761565836297,0.8548717948717949,0.2128205128205128,0.0052861659899199,0.0025413947162366,0.2011,-0.041422374755708,-0.4094488188976377
base_technical_risk__risk_adjusted_sort__pred_weight__balanced_mt70,2025-12-24,000538,0.19601252037099143,0.18858923068834002,0.55440843,0.0079646017699115,0.8538461538461539,0.34615384615384615,0.0045654001451452,0.0057851493820257,0.3339,0.0133843212237094,0.129032258064516
base_technical_risk__risk_adjusted_sort__pred_weight__balanced_mt70,2025-12-24,603799,0.20628398948257495,0.10298145841680598,0.5834606,0.0447488584474884,0.833076923076923,0.8346153846153846,0.0228801659098727,0.0136358676722199,3.8261,0.1191157286346911,-0.193298969072165
base_technical_risk__risk_adjusted_sort__pred_weight__balanced_mt70,2025-12-25,601186,0.20103913060292997,0.1512557507277954,0.56994337,-0.0153846153846153,0.915,0.2934210526315789,0.0048025992097248,0.0026605860215759,0.202,-0.0265998457979953,0.0423452768729637
base_technical_risk__risk_adjusted_sort__pred_weight__balanced_mt70,2025-12-25,601390,0.20095309846967777,0.1493102945546149,0.56969947,0.0018518518518518,0.8976315789473683,0.2486842105263158,0.0053681015088674,0.0024146996129508,0.2399,-0.1743813883057439,0.0027100271002709
base_technical_risk__risk_adjusted_sort__pred_weight__balanced_mt70,2025-12-25,603501,0.20268809393300832,0.09925772475701987,0.57461816,-0.0064475546469569,0.8907894736842106,0.5460526315789473,0.0151565088092814,0.0064916101898389,0.7772,-0.3152181574681045,0.0116731517509727
base_technical_risk__risk_adjusted_sort__pred_weight__balanced_mt70,2025-12-25,600900,0.19791207243669992,0.09692382130444002,0.5610782,-0.0148496921405286,0.8505263157894737,0.2210526315789474,0.0051061528533528,0.006944716889856,0.1253,-0.5731998092513114,-0.5169082125603865
base_technical_risk__risk_adjusted_sort__pred_weight__balanced_mt70,2025-12-25,601607,0.19740760455768402,0.13853875101278695,0.55964804,-0.0010921328577269,0.8371052631578948,0.15657894736842104,0.0055309418002135,0.0023097045163206,0.2591,-0.3690490685498601,-0.1961414790996786
base_technical_risk__risk_adjusted_sort__pred_weight__balanced_mt70,2025-12-26,603288,0.19756994820184687,0.13396977621765127,0.55599844,0.0152324959914483,0.8991428571428571,0.2185714285714286,0.0073546738650296,0.0054864783539753,0.1381,-0.3467978431558036,-0.284188034188034
base_technical_risk__risk_adjusted_sort__pred_weight__balanced_mt70,2025-12-26,603501,0.20571275250220908,0.1648301115814818,0.5789138,0.000310462589258,0.8674285714285714,0.6628571428571428,0.015321741954654,0.0069456134961285,1.1475,0.1310879143625987,0.4164648910411621
base_technical_risk__risk_adjusted_sort__pred_weight__balanced_mt70,2025-12-26,601390,0.1969060828859143,0.17862755189586071,0.5541302,-0.0036832412523019,0.8602857142857142,0.27,0.0054054651109834,0.0026177294691496,0.2658,-0.0561079545454544,0.1855670103092783
base_technical_risk__risk_adjusted_sort__pred_weight__balanced_mt70,2025-12-26,000338,0.2046593748084703,0.12606265740980954,0.5759494,-0.0062749572162008,0.8511428571428571,0.6014285714285714,0.0150126933214231,0.0126909247418703,0.9201,-0.1676015053919085,0.2627669452181989
base_technical_risk__risk_adjusted_sort__pred_weight__balanced_mt70,2025-12-26,601186,0.19515184160155935,0.17829413033111347,0.54919344,-0.0140845070422536,0.7828571428571429,0.22857142857142854,0.0048025992097248,0.0024677033651142,0.1936,0.0345196109864271,0.0423452768729637
base_technical_risk__risk_adjusted_sort__pred_weight__balanced_mt70,2025-12-29,603986,0.2049066479548832,0.08587155017169162,0.57805544,0.1946902654867258,0.8403333333333334,0.7983333333333333,0.0238512499377324,0.0160565444306973,4.4325,0.0554300177869422,0.0019267822736033
base_technical_risk__risk_adjusted_sort__pred_weight__balanced_mt70,2025-12-29,000977,0.2035232566307316,0.08529180344953977,0.5741528,0.0171641791044776,0.8236666666666667,0.715,0.022291741941107,0.0090750806900883,3.5675,0.0727516568638062,0.1099726775956284
base_technical_risk__risk_adjusted_sort__pred_weight__balanced_mt70,2025-12-29,603501,0.19928252118822204,0.1792683050203412,0.5621894,0.0414790234652762,0.8036666666666666,0.6483333333333333,0.0156229350643569,0.0115544126584476,1.2099,0.1988822719210456,0.1438278595696489
base_technical_risk__risk_adjusted_sort__pred_weight__balanced_mt70,2025-12-29,002601,0.19608458256975705,0.08217443034713812,0.5531678,0.0834196891191709,0.7563333333333333,0.38500000000000006,0.0137792416770223,0.0042943925479399,1.6044,0.7466279107743556,-0.1022099447513811
base_technical_risk__risk_adjusted_sort__pred_weight__balanced_mt70,2025-12-29,002459,0.196202991656406,0.08222405280656754,0.55350184,0.0189328743545611,0.7493333333333334,0.5866666666666667,0.0180861223026973,0.0121752910298557,1.5002,0.2012844022004596,-0.2374100719424461
base_technical_risk__risk_adjusted_sort__pred_weight__balanced_mt70,2025-12-30,002601,0.20646279348188698,0.13442567954745382,0.5828552,0.0351145038167938,0.9055882352941176,0.47205882352941175,0.0132605342081785,0.0029609962819308,1.2406,0.2590450093875274,0.4477798624140088
base_technical_risk__risk_adjusted_sort__pred_weight__balanced_mt70,2025-12-30,000977,0.19984794895683097,0.13345159536698276,0.56418115,-0.0051622418879057,0.8508823529411764,0.598529411764706,0.021547255509924,0.0102897588196031,2.2797,-0.3095772421249648,-0.1155115511551153
base_technical_risk__risk_adjusted_sort__pred_weight__balanced_mt70,2025-12-30,600570,0.19879440477467086,0.08357384168176932,0.56120694,0.0188367481824189,0.8188235294117647,0.611764705882353,0.0158452699876773,0.0082109942073555,2.1313,0.2943798661468015,-0.1708291708291709
base_technical_risk__risk_adjusted_sort__pred_weight__balanced_mt70,2025-12-30,300413,0.19787938797400612,0.08318916551685615,0.5586238,0.0419287211740041,0.7741176470588235,0.6882352941176471,0.0141897908090195,0.0166519917806888,2.0966,0.3920167844053752,0.0714285714285714
base_technical_risk__risk_adjusted_sort__pred_weight__balanced_mt70,2025-12-30,601688,0.19701546481260518,0.08282596929109731,0.5561849,0.0560271646859084,0.7717647058823529,0.5529411764705883,0.021510805424419,0.0111942644493479,0.7089,-0.4628121092713977,-0.2438130155820348
base_technical_risk__risk_adjusted_sort__pred_weight__balanced_mt70,2025-12-31,002601,0.20439449714475974,0.16845347637155286,0.58503664,0.0305343511450381,0.9437837837837838,0.2810810810810811,0.0133668513894017,0.0061085956789926,0.6302,-0.3554589619023268,-0.313854235062377
base_technical_risk__risk_adjusted_sort__pred_weight__balanced_mt70,2025-12-31,601808,0.19972456754003473,0.09713165433418773,0.57166994,-0.0027605244996549,0.9045945945945947,0.3418918918918919,0.0074170151597029,0.0039802189735878,0.2604,0.0170683123071515,0.0533707865168535
base_technical_risk__risk_adjusted_sort__pred_weight__balanced_mt70,2025-12-31,000708,0.19931787242050122,0.09693386710021606,0.57050586,-0.0456456456456455,0.8537837837837837,0.4608108108108109,0.0145001762049065,0.0043552752613976,0.2141,-0.0204062957540263,-0.0643863179074446
base_technical_risk__risk_adjusted_sort__pred_weight__balanced_mt70,2025-12-31,000538,0.1975610422969003,0.10247152167349327,0.5654773,0.0073995771670188,0.8505405405405405,0.20675675675675675,0.0040400458995178,0.0034460979948095,0.2559,-0.2076418132276442,0.1564625850340135
base_technical_risk__risk_adjusted_sort__pred_weight__balanced_mt70,2025-12-31,000977,0.19900202059780395,0.16533060416094533,0.5696018,-0.0068564614696676,0.794054054054054,0.6243243243243244,0.02159911377608,0.0099538674692439,2.0913,-0.3481249201248079,-0.2316258351893095
base_technical_risk__risk_adjusted_sort__pred_weight__balanced_mt70,2026-01-05,601456,0.2035854699097531,0.08537219471241768,0.58157694,0.0101729399796539,0.8855882352941176,0.5720588235294118,0.0134352700181329,0.0134137078941961,1.9726,0.913417981822238,1.805983680870353
base_technical_risk__risk_adjusted_sort__pred_weight__balanced_mt70,2026-01-05,002074,0.20184344640963942,0.08464171177390198,0.57660055,0.0061728395061728,0.8488235294117648,0.6088235294117647,0.0163165590472962,0.018907292108518,2.8293,0.2811479752401049,0.2306657700067251
base_technical_risk__risk_adjusted_sort__pred_weight__balanced_mt70,2026-01-05,000977,0.19927778621455663,0.17956612616309758,0.5692713,0.0203000882612534,0.841764705882353,0.4970588235294118,0.021689801590027,0.0127427008483811,2.8536,-0.1322698550742266,-0.2632386799693016
base_technical_risk__risk_adjusted_sort__pred_weight__balanced_mt70,2026-01-05,300059,0.19920430910913003,0.08353498445815441,0.5690614,0.0160472972972972,0.8129411764705882,0.49411764705882355,0.014909228054685,0.015176135156109,2.6653,0.4818088820690729,0.0837209302325583
base_technical_risk__risk_adjusted_sort__pred_weight__balanced_mt70,2026-01-05,600309,0.1960889883569208,0.08224654672982076,0.56016195,0.0298584966896014,0.7702941176470588,0.4132352941176471,0.0179032906906864,0.0090670468815965,0.8355,0.0316980106936022,0.2043010752688172
base_technical_risk__risk_adjusted_sort__pred_weight__balanced_mt70,2026-01-06,000977,0.2099308635146117,0.19400995789380174,0.62678176,0.0435803374908291,0.9046428571428571,0.4767857142857143,0.0216565615885664,0.0123797234111915,4.0684,0.168110391083267,0.0944881889763777
base_technical_risk__risk_adjusted_sort__pred_weight__balanced_mt70,2026-01-06,002074,0.19906582468275275,0.1390707230858711,0.59434247,-0.0246281394781759,0.8678571428571429,0.4821428571428571,0.0164664474743886,0.018566594612545,3.1046,0.3121668970122695,-0.0879596250901226
base_technical_risk__risk_adjusted_sort__pred_weight__balanced_mt70,2026-01-06,002241,0.1972794780824846,0.09384146987204083,0.58900905,0.0229388297872339,0.7917857142857143,0.505357142857143,0.0186517138063287,0.0137410469787768,5.3453,0.567840109815976,-0.070307960488088
base_technical_risk__risk_adjusted_sort__pred_weight__balanced_mt70,2026-01-06,688981,0.19870530113866122,0.09451970225925911,0.59326607,-0.0329945388349515,0.7721428571428571,0.7821428571428571,0.0252102937992936,0.0284341747340499,3.6543,0.2253951860073637,0.33888532991672
base_technical_risk__risk_adjusted_sort__pred_weight__balanced_mt70,2026-01-06,002230,0.1950185325814897,0.09276598827012161,0.58225864,0.1318864774624374,0.7128571428571429,0.7214285714285714,0.018928976456593,0.0304243593029092,5.1183,1.276459285879485,-0.1289893617021277
base_technical_risk__risk_adjusted_sort__pred_weight__balanced_mt70,2026-01-07,000977,0.21073473999991799,0.20619719343844284,0.63506985,0.0115641215715344,0.9,0.5,0.0215323536760443,0.0130105356372361,3.2022,-0.0084809526905893,0.0592160133444537
base_technical_risk__risk_adjusted_sort__pred_weight__balanced_mt70,2026-01-07,002074,0.20051400812453343,0.18384402910872538,0.60426867,-0.0297224269221321,0.8741935483870968,0.467741935483871,0.0159964451475583,0.0152327744839056,3.1841,0.2716562163025677,0.2722298221614228
base_technical_risk__risk_adjusted_sort__pred_weight__balanced_mt70,2026-01-07,002241,0.19887368664147234,0.17037773548214705,0.5993254,0.0013628620102214,0.8335483870967741,0.5096774193548388,0.0189286448782013,0.0185784336544164,4.2653,0.1743635067084066,-0.1351351351351349
base_technical_risk__risk_adjusted_sort__pred_weight__balanced_mt70,2026-01-07,000938,0.1945311038603327,0.14175349899703127,0.5862386,0.0322073841319717,0.8009677419354839,0.35,0.0145148355647352,0.0131394845047403,2.0816,0.3569221542834047,0.0197775030902349
base_technical_risk__risk_adjusted_sort__pred_weight__balanced_mt70,2026-01-07,002230,0.19534646137374356,0.16751568486182633,0.58869576,0.1401451702959241,0.75,0.7661290322580645,0.0195044194817724,0.0341807147503833,3.7824,0.4933788169521238,-0.0659340659340661
base_technical_risk__risk_adjusted_sort__pred_weight__balanced_mt70,2026-01-08,600460,0.1991467487780555,0.15145931861077325,0.5967462,-0.0153165418652144,0.8752777777777777,0.3458333333333334,0.0127896449838287,0.0092024419012224,2.2196,0.1969047426460672,-0.0405701754385966
base_technical_risk__risk_adjusted_sort__pred_weight__balanced_mt70,2026-01-08,000938,0.19966828798348377,0.18580008540226908,0.598309,0.05078125,0.8722222222222222,0.5,0.0147330076792986,0.0128610490745043,2.3244,0.3966483803709733,-0.0143369175627241
base_technical_risk__risk_adjusted_sort__pred_weight__balanced_mt70,2026-01-08,000977,0.20827702208322077,0.20777898892994898,0.6241052,0.0477262494371904,0.8583333333333333,0.7083333333333334,0.0208952153547207,0.0131323237002288,4.4833,0.3389899858733016,0.4274750575594781
base_technical_risk__risk_adjusted_sort__pred_weight__balanced_mt70,2026-01-08,002074,0.197910045433113,0.19454181484277258,0.5930404,-0.0194150897026295,0.8094444444444444,0.5361111111111112,0.0161908187418623,0.0174645097923114,2.3878,-0.0126529937148527,-0.006644518272425
base_technical_risk__risk_adjusted_sort__pred_weight__balanced_mt70,2026-01-08,000708,0.19499789572212706,0.150221220419549,0.5843141,-0.0157331655129013,0.7916666666666667,0.20833333333333334,0.0108608192550148,0.0128682861082887,0.2399,-0.1433060743491768,-0.1900311526479747
base_technical_risk__risk_adjusted_sort__pred_weight__balanced_mt70,2026-01-09,600460,0.19722971060387215,0.1909728609590633,0.5972507,0.0003379520108143,0.8781818181818182,0.3060606060606061,0.0127406084254982,0.0095533490298607,2.4552,0.2529982750349586,-0.1731409544950056
base_technical_risk__risk_adjusted_sort__pred_weight__balanced_mt70,2026-01-09,000977,0.21192873414177155,0.2113614606113514,0.64176226,-0.0095155709342561,0.8490909090909091,0.7545454545454546,0.0207802563105651,0.0154937326587817,4.9064,0.427906218714349,0.5250475586556753
base_technical_risk__risk_adjusted_sort__pred_weight__balanced_mt70,2026-01-09,002241,0.20026056878974077,0.17846196645242496,0.60642874,0.0294117647058823,0.8357575757575758,0.6696969696969697,0.0189786204573804,0.0188275546046323,4.4987,0.1835507311195416,0.2077294685990343
base_technical_risk__risk_adjusted_sort__pred_weight__balanced_mt70,2026-01-09,002074,0.19535321534394956,0.19524229623846423,0.5915683,0.0161963190184048,0.8196969696969696,0.446969696969697,0.0162230071737457,0.0150580247339662,2.655,0.0681998318239058,-0.0136901057871811
base_technical_risk__risk_adjusted_sort__pred_weight__balanced_mt70,2026-01-09,300014,0.19522777112066594,0.1685399767365292,0.59118843,-0.0035036496350364,0.7554545454545454,0.6166666666666667,0.0220240641868714,0.022472590129191,2.1479,-0.1695085643583498,-0.1824776785714286
base_technical_risk__risk_adjusted_sort__pred_weight__balanced_mt70,2026-01-12,000977,0.2152009760909378,0.21356382379225128,0.65037906,-0.0510404949381327,0.9045454545454545,0.4772727272727273,0.0197206589788754,0.0173598881037242,5.6549,0.5292854554403501,-0.0711346266901821
base_technical_risk__risk_adjusted_sort__pred_weight__balanced_mt70,2026-01-12,600176,0.19662003676521317,0.11278212886526388,0.59422386,0.0594837261503927,0.8722727272727272,0.18409090909090908,0.018461349784359,0.003908635018644,1.4215,-0.0911125319693094,-0.0192926045016078
base_technical_risk__risk_adjusted_sort__pred_weight__balanced_mt70,2026-01-12,002241,0.19990594117487806,0.19076232586807867,0.6041545,-0.005524861878453,0.8718181818181818,0.4136363636363637,0.0190975435441484,0.0186665091928847,4.8639,0.2083202909567887,-0.0588235294117646
base_technical_risk__risk_adjusted_sort__pred_weight__balanced_mt70,2026-01-12,300347,0.1952905522121675,0.11201953063350993,0.5902059,-0.0031173092698933,0.7895454545454546,0.3704545454545455,0.0188012137305384,0.0123460904674268,2.0413,0.0743910398113645,0.1778523489932886
base_technical_risk__risk_adjusted_sort__pred_weight__balanced_mt70,2026-01-12,603259,0.19298249375680346,0.11069561799344826,0.5832305,0.025540275049116,0.7222727272727273,0.25227272727272726,0.0167870835263806,0.0099623544329025,1.795,0.0174814075820786,0.0725453408380238
base_technical_risk__risk_adjusted_sort__pred_weight__balanced_mt70,2026-01-13,000977,0.20889063135896846,0.21115257262058326,0.63682866,-0.0360545214714933,0.8830434782608696,0.5847826086956521,0.0224516925871588,0.0295107278062466,5.2026,0.3580301697472456,0.4967996061053668
base_technical_risk__risk_adjusted_sort__pred_weight__balanced_mt70,2026-01-13,600584,0.19904560761921317,0.10270258745798015,0.6068149,0.1571090047393365,0.8221739130434783,0.6717391304347826,0.0247065437524722,0.040022274290531,5.6929,0.2828405513629715,-0.0981833910034601
base_technical_risk__risk_adjusted_sort__pred_weight__balanced_mt70,2026-01-13,601689,0.19889860679729107,0.10262673868668382,0.60636675,0.0886766712141883,0.8169565217391304,0.48043478260869565,0.0244651380952065,0.0121131071014667,2.6362,0.0940768285799662,0.338562753036437
base_technical_risk__risk_adjusted_sort__pred_weight__balanced_mt70,2026-01-13,600176,0.19526836057076677,0.15534297472939484,0.5952995,0.0890527509926262,0.8021739130434783,0.11956521739130434,0.0186425506011302,0.0069394141423875,0.9456,-0.3906431241139322,-0.1122112211221123
base_technical_risk__risk_adjusted_sort__pred_weight__balanced_mt70,2026-01-13,300251,0.19789679365376048,0.10210982799862263,0.6033126,-0.0454042081949058,0.7221739130434782,0.7369565217391304,0.0229016413957648,0.0412986157796293,4.0778,0.6959246736286999,0.3417786970010343
base_technical_risk__risk_adjusted_sort__pred_weight__balanced_mt70,2026-01-14,000977,0.20679140442737032,0.2082349492002826,0.6355343,-0.0823664231485461,0.8530769230769231,0.7346153846153847,0.0230079169206968,0.0314274972813,6.3735,0.5501302415853719,0.1149978137297769
base_technical_risk__risk_adjusted_sort__pred_weight__balanced_mt70,2026-01-14,002241,0.20252912834877715,0.16605449152289117,0.622435,-0.043706868222149,0.8384615384615385,0.6153846153846154,0.0211046498934523,0.0292778404650902,6.709,0.4408002680159091,0.1250640697078422
base_technical_risk__risk_adjusted_sort__pred_weight__balanced_mt70,2026-01-14,300014,0.19843875156650673,0.14426919880555183,0.609864,-0.0180866965620328,0.8338461538461539,0.4461538461538462,0.021895257669069,0.0128907283246866,3.6194,0.2626944505496422,0.0166919575113808
base_technical_risk__risk_adjusted_sort__pred_weight__balanced_mt70,2026-01-14,601689,0.19789186906924852,0.16635915239517626,0.60818326,0.1384744108213638,0.7892307692307692,0.47692307692307695,0.0248035482638996,0.0118857344445319,2.5876,0.0398231866586296,0.0004940711462451
base_technical_risk__risk_adjusted_sort__pred_weight__balanced_mt70,2026-01-14,002074,0.19434884658809717,0.14335718455106344,0.59729445,-0.0012531328320802,0.7661538461538462,0.4,0.01668830240934,0.0144504657277032,4.2888,0.4546243882254381,0.3555427914991382
base_technical_risk__risk_adjusted_sort__pred_weight__balanced_mt70,2026-01-15,300014,0.20262371090078696,0.18165408667473226,0.6077713,-0.0199238206856139,0.8459259259259259,0.5851851851851853,0.0216541859015132,0.0150501322291726,2.75,-0.0384850720436912,-0.0501193317422433
base_technical_risk__risk_adjusted_sort__pred_weight__balanced_mt70,2026-01-15,002241,0.20441070438468345,0.19062744510331545,0.6131314,-0.0402597402597403,0.8318518518518518,0.8407407407407408,0.0219588099150825,0.0316317335457638,6.2537,0.2864227955016243,0.1111111111111113
base_technical_risk__risk_adjusted_sort__pred_weight__balanced_mt70,2026-01-15,300896,0.19619432164742523,0.12569212648695618,0.5884863,-0.0297695047375847,0.794074074074074,0.4740740740740741,0.0136043005858357,0.016507352671422,1.8664,-0.1167938822928151,0.0411227154046998
base_technical_risk__risk_adjusted_sort__pred_weight__balanced_mt70,2026-01-15,002074,0.2012444177082016,0.1804427096104602,0.6036341,-0.0222168558319245,0.792962962962963,0.6648148148148147,0.0160497041765674,0.0188657608519981,4.0208,0.2700217629574879,0.1791202967673555
base_technical_risk__risk_adjusted_sort__pred_weight__balanced_mt70,2026-01-15,000630,0.1955268453589028,0.12526450700551792,0.5864842,0.001628664495114,0.6892592592592592,0.812962962962963,0.0258150445708938,0.0150350798561398,5.2532,0.0568054027194653,0.0704607046070462
base_technical_risk__risk_adjusted_sort__pred_weight__balanced_mt70,2026-01-16,300014,0.20131145186509472,0.1915808827969652,0.6106781,-0.0581395348837209,0.8388888888888889,0.4351851851851852,0.0204587305055839,0.0163313224567447,3.0731,0.0444088729383536,-0.4253438113948919
base_technical_risk__risk_adjusted_sort__pred_weight__balanced_mt70,2026-01-16,000630,0.20370327723127762,0.1648753944550497,0.6179337,0.030995106035889,0.8337037037037036,0.6462962962962964,0.025024595395745,0.0098455686832194,5.441,0.0817979199099727,0.1816907986921998
base_technical_risk__risk_adjusted_sort__pred_weight__balanced_mt70,2026-01-16,300394,0.20465019033168913,0.10334654192591636,0.62080616,0.0263035741915518,0.8333333333333333,0.8333333333333334,0.0247802177452374,0.0344266411892113,5.9295,0.2906799823251178,0.0016722408026756
base_technical_risk__risk_adjusted_sort__pred_weight__balanced_mt70,2026-01-16,300782,0.19798565554854666,0.0999810106148218,0.6005893,-0.0166129432184478,0.7481481481481481,0.7037037037037037,0.026181456920586,0.0199155805618439,3.2146,-0.0906596437431577,0.030389363722697
base_technical_risk__risk_adjusted_sort__pred_weight__balanced_mt70,2026-01-16,688126,0.192349425023392,0.09713476388850331,0.5834918,-0.0225627926777352,0.7214814814814814,0.4666666666666666,0.0171385444448292,0.0188618404954175,3.0397,0.2729808280217434,-0.0569744597249507
base_technical_risk__risk_adjusted_sort__pred_weight__balanced_mt70,2026-01-19,300014,0.2059338659239223,0.20088052213944466,0.61881346,-0.0032234432234433,0.8913793103448275,0.5431034482758621,0.0200744967721697,0.0154608959327778,2.2379,-0.2159741028668323,-0.3190770962296004
base_technical_risk__risk_adjusted_sort__pred_weight__balanced_mt70,2026-01-19,300394,0.2012498842187981,0.1667804473164357,0.6047385,-0.0151950289802099,0.8031034482758621,0.8120689655172415,0.0250564900158507,0.0340822271172168,3.8284,-0.1663309546777927,-0.3103448275862068
base_technical_risk__risk_adjusted_sort__pred_weight__balanced_mt70,2026-01-19,000630,0.20101732178629447,0.18829260928416894,0.60403967,0.2186978297161937,0.7586206896551724,0.8620689655172414,0.0263983964722691,0.0205690498480104,4.3554,-0.0919799274067618,0.1956521739130432
base_technical_risk__risk_adjusted_sort__pred_weight__balanced_mt70,2026-01-19,300502,0.19666076714027775,0.1274211911936979,0.5909486,-0.0540944411237298,0.7444827586206897,0.7603448275862069,0.0240805836419263,0.023797933006443,3.8216,-0.179065041523636,-0.1893883566691231
base_technical_risk__risk_adjusted_sort__pred_weight__balanced_mt70,2026-01-19,688981,0.19513816093070738,0.12643824975004878,0.5863733,-0.0079199999999999,0.7248275862068965,0.6862068965517241,0.0235132767123313,0.0198751217913362,2.3882,-0.2188557915291548,-0.1603535353535353
base_technical_risk__risk_adjusted_sort__pred_weight__balanced_mt70,2026-01-20,300394,0.20964834093529608,0.20628206672491203,0.66752815,0.0747892303508294,0.8341379310344827,0.8293103448275861,0.0263052203718603,0.0279054117613498,3.844,-0.1598420223240728,0.2055674518201284
base_technical_risk__risk_adjusted_sort__pred_weight__balanced_mt70,2026-01-20,300014,0.19953358838729204,0.19963935864960725,0.6353224,-0.0062414370528237,0.7948275862068965,0.6810344827586207,0.0210879732196884,0.0177069899359029,2.898,-0.0003380499348045,0.3227665706051872
base_technical_risk__risk_adjusted_sort__pred_weight__balanced_mt70,2026-01-20,300502,0.2087437504188079,0.2023577582290383,0.6646479,0.0118534764105377,0.7889655172413793,0.8827586206896553,0.0257518356854406,0.0340561363828973,4.7886,0.0237607590444386,0.1107117181883534
base_technical_risk__risk_adjusted_sort__pred_weight__balanced_mt70,2026-01-20,688981,0.19119661648693723,0.18611135566700576,0.60877717,0.0088480939386421,0.766551724137931,0.65,0.0244629078690269,0.017599029087694,2.544,-0.1365382787786632,0.006825938566553
base_technical_risk__risk_adjusted_sort__pred_weight__balanced_mt70,2026-01-20,000807,0.19087770377166685,0.17588870764191086,0.60776174,0.0030303030303029,0.7251724137931034,0.6844827586206896,0.0252000248342819,0.0176890827974992,2.1743,-0.0723659510563499,-0.1347656250000001
base_technical_risk__risk_adjusted_sort__pred_weight__balanced_mt70,2026-01-21,300394,0.21021097842464884,0.21021097842464884,0.66928196,0.1446740858505563,0.8673333333333333,0.6633333333333333,0.0247060831425082,0.0302840107650679,3.2277,-0.2842094525068303,-0.0163607342378291
base_technical_risk__risk_adjusted_sort__pred_weight__balanced_mt70,2026-01-21,300502,0.20972962533828376,0.20972962533828376,0.6677494,0.0245642439727795,0.8323333333333334,0.6716666666666666,0.0215114811286525,0.0369833065678849,4.4249,-0.0737829651755457,-0.0974469615246317
base_technical_risk__risk_adjusted_sort__pred_weight__balanced_mt70,2026-01-21,300014,0.20122940397478625,0.20122940397478625,0.6406859,-0.0463378176382659,0.8166666666666667,0.5833333333333334,0.0212484519110885,0.0184149415942388,2.4201,-0.1522045274611326,0.1068925233644859
base_technical_risk__risk_adjusted_sort__pred_weight__balanced_mt70,2026-01-21,002074,0.18555482429045064,0.18555482429045064,0.59078026,-0.0367992096814028,0.745,0.44166666666666665,0.0160841811604581,0.0215602220594018,2.4845,-0.252766223649821,0.0722284434490481
base_technical_risk__risk_adjusted_sort__pred_weight__balanced_mt70,2026-01-21,688981,0.1932751679718305,0.1932751679718305,0.61536074,-0.030935028686618,0.7393333333333334,0.8033333333333333,0.0224547079201066,0.0264201573535744,4.8537,0.5494356053834564,0.8753447324875894
base_technical_risk__risk_adjusted_sort__pred_weight__balanced_mt70,2026-01-22,300502,0.21371374947752728,0.21371374947752728,0.6545453,-0.0144138372837925,0.8477419354838709,0.7612903225806452,0.0237655252506441,0.036050114390069,4.9379,-0.0013045192998069,-0.0456349206349209
base_technical_risk__risk_adjusted_sort__pred_weight__balanced_mt70,2026-01-22,300014,0.20003608557511948,0.20003608557511948,0.61265445,-0.0432098765432099,0.832258064516129,0.6774193548387097,0.0211079611255841,0.0207481312183787,3.4312,0.15052140965027,0.4847512038523276
base_technical_risk__risk_adjusted_sort__pred_weight__balanced_mt70,2026-01-22,002074,0.19510679013666823,0.19510679013666823,0.5975574,-0.0396685915139342,0.8174193548387096,0.4290322580645161,0.0161084942787964,0.0188857636926395,2.6729,-0.2029378787155876,0.2289088863892012
base_technical_risk__risk_adjusted_sort__pred_weight__balanced_mt70,2026-01-22,002384,0.19654476047130204,0.19654476047130204,0.6019615,-0.0022448171134293,0.7803225806451612,0.7758064516129032,0.0258177543017441,0.0297844666292541,3.0079,-0.1115974646606059,-0.1163793103448276
base_technical_risk__risk_adjusted_sort__pred_weight__balanced_mt70,2026-01-22,688981,0.19459861433938297,0.19459861433938297,0.596001,0.0063091482649842,0.7274193548387097,0.7177419354838709,0.0224307321085477,0.0265721314212625,3.2412,0.0295570414370345,0.0476915271435818
base_technical_risk__risk_adjusted_sort__pred_weight__balanced_mt70,2026-01-23,600027,0.19836000805564205,0.06942600281947471,0.55955964,-0.02,0.8890625,0.2421875,0.0101056483206647,0.0074157884577127,0.8241,-0.0902467295909918,-0.4
base_technical_risk__risk_adjusted_sort__pred_weight__balanced_mt70,2026-01-23,601872,0.20665279178473397,0.07232847712465688,0.582953,0.0027149321266967,0.861875,0.690625,0.0291896315369142,0.0179407359291001,1.1707,-0.1285803608646458,-0.041343669250646
base_technical_risk__risk_adjusted_sort__pred_weight__balanced_mt70,2026-01-23,601018,0.1972513168362497,0.06903796089268739,0.5564321,0.048780487804878,0.8478125,0.1359375,0.0054292594205231,0.0069780429109633,0.2751,-0.0395894428152491,-0.3249999999999999
base_technical_risk__risk_adjusted_sort__pred_weight__balanced_mt70,2026-01-23,000725,0.2016273812083038,0.07056958342290633,0.56877667,-0.0111607142857141,0.8453125,0.6171875,0.0201449107562545,0.0124206035443054,2.9352,0.1423545299930335,0.1470588235294117
base_technical_risk__risk_adjusted_sort__pred_weight__balanced_mt70,2026-01-23,600011,0.19610850211507042,0.06863797574027464,0.5532083,-0.0408163265306122,0.7615625,0.4109375,0.0155357776730738,0.0085104624447616,0.7364,0.04458345745209,-0.1153342070773263
base_technical_risk__risk_adjusted_sort__pred_weight__balanced_mt70,2026-01-26,600027,0.1928016004651241,0.1357882026338611,0.55791265,-0.0239043824701196,0.837741935483871,0.32741935483870965,0.0101353954970163,0.0072788534532071,1.187,0.2581216148897158,0.0438413361169101
base_technical_risk__risk_adjusted_sort__pred_weight__balanced_mt70,2026-01-26,300502,0.20492009335864553,0.17441782780162696,0.5929801,0.1798219584569731,0.8358064516129032,0.6596774193548388,0.0277205547735458,0.0482587820296301,3.6117,-0.2447286589892493,-0.1325390915860016
base_technical_risk__risk_adjusted_sort__pred_weight__balanced_mt70,2026-01-26,601872,0.21053644009485817,0.14666882180862234,0.6092322,0.0071301247771835,0.8325806451612903,0.8370967741935484,0.0306062118775643,0.0312638060661569,1.7485,0.3673509286412511,-0.0329325666492421
base_technical_risk__risk_adjusted_sort__pred_weight__balanced_mt70,2026-01-26,600111,0.20371036763798261,0.10957327364104259,0.5894795,-0.0536679536679537,0.8019354838709677,0.667741935483871,0.0243407800526837,0.0193553653949768,5.0881,0.4185625069700009,-0.188059701492537
base_technical_risk__risk_adjusted_sort__pred_weight__balanced_mt70,2026-01-26,600011,0.1880314984433896,0.132858266959646,0.54410934,-0.0500676589986468,0.7683870967741936,0.35161290322580646,0.0156380323266386,0.0088190184424123,0.7565,0.0418818603754354,0.0148849797023002
base_technical_risk__risk_adjusted_sort__pred_weight__balanced_mt70,2026-01-27,300502,0.20267109439967687,0.19192891581415306,0.56645745,0.128395061728395,0.8339285714285714,0.8303571428571429,0.0287467798018196,0.0424706196017591,4.6781,-0.0257753750101523,0.2576909156713716
base_technical_risk__risk_adjusted_sort__pred_weight__balanced_mt70,2026-01-27,002074,0.20165367348379054,0.1472650512235802,0.5636138,-0.0307692307692307,0.8225,0.7089285714285715,0.0208863162750286,0.0316279150115327,4.1228,0.1649058960151674,0.225065047701648
base_technical_risk__risk_adjusted_sort__pred_weight__balanced_mt70,2026-01-27,600111,0.2007893675015119,0.16610808324283807,0.5611981,-0.0334653465346533,0.7814285714285715,0.7357142857142857,0.0249585783654955,0.0156031752376019,4.071,0.1390726253231706,0.517305315203956
base_technical_risk__risk_adjusted_sort__pred_weight__balanced_mt70,2026-01-27,300014,0.20051455133022067,0.1471219845284399,0.56043,-0.0029780564263322,0.7521428571428572,0.7035714285714285,0.0225770357219005,0.0252270378707028,3.0661,0.0267942359406447,0.1599817684594349
base_technical_risk__risk_adjusted_sort__pred_weight__balanced_mt70,2026-01-27,000725,0.19437131328480015,0.1328684323270181,0.5432599,-0.054945054945055,0.7424999999999999,0.5732142857142857,0.0202423189651014,0.0124285486635226,3.0227,0.1498314833271201,0.4082145850796308
base_technical_risk__risk_adjusted_sort__pred_weight__balanced_mt70,2026-01-28,601868,0.20742627565064456,0.1098408281596212,0.5701816,-0.0283400809716599,0.8997222222222222,0.5013888888888889,0.0145593490342126,0.0103370291263363,3.3614,0.5027718168812589,0.7335243553008599
base_technical_risk__risk_adjusted_sort__pred_weight__balanced_mt70,2026-01-28,300502,0.20153622703489749,0.19701638613373362,0.5539908,0.024974375640609,0.835,0.6861111111111111,0.0288284733956498,0.0414281386243806,3.9888,-0.1497253362153314,-0.2420262664165103
base_technical_risk__risk_adjusted_sort__pred_weight__balanced_mt70,2026-01-28,300014,0.20040732894076738,0.17533878753790233,0.55088764,0.0111290322580644,0.8194444444444444,0.625,0.0215120618188381,0.0249869203250603,3.3338,0.1272244068530159,-0.0786516853932585
base_technical_risk__risk_adjusted_sort__pred_weight__balanced_mt70,2026-01-28,603501,0.1969395604536123,0.10428767690960247,0.5413553,-0.0784760408483896,0.7813888888888888,0.6763888888888889,0.0176974194590102,0.0231366731595438,2.7675,0.5590407463115377,0.5425531914893615
base_technical_risk__risk_adjusted_sort__pred_weight__balanced_mt70,2026-01-28,601669,0.19369060792007817,0.10256722160173329,0.53242445,-0.0227670753064798,0.7425,0.5930555555555556,0.0279359858904092,0.0167420167302891,3.4437,-0.2590640242524908,-0.0477648499693814
base_technical_risk__risk_adjusted_sort__pred_weight__balanced_mt70,2026-01-29,601868,0.20047985462632906,0.14570895921178095,0.5563372,0.0,0.8886842105263157,0.42500000000000004,0.0144880585867444,0.0104907067597923,2.5741,0.0669800332433854,0.095013477088949
base_technical_risk__risk_adjusted_sort__pred_weight__balanced_mt70,2026-01-29,601901,0.19898557778490122,0.07874357282621634,0.55219054,-0.021410579345088,0.8618421052631579,0.4276315789473684,0.0114620544494589,0.0065758337412159,2.1839,0.6955350418856703,0.2977473065621934
base_technical_risk__risk_adjusted_sort__pred_weight__balanced_mt70,2026-01-29,300274,0.20611735820534707,0.08156579681435391,0.57198143,0.0408794228787358,0.8565789473684211,0.7171052631578947,0.0243507136746748,0.0232262695468827,5.5658,0.3233472425312365,0.3011417697431016
base_technical_risk__risk_adjusted_sort__pred_weight__balanced_mt70,2026-01-29,601018,0.19702444438442504,0.08141588398154566,0.54674834,0.0594315245478037,0.8260526315789474,0.34342105263157896,0.0088782486031086,0.0145686711243243,0.5067,0.2055387690038306,0.0048076923076925
base_technical_risk__risk_adjusted_sort__pred_weight__balanced_mt70,2026-01-29,002371,0.19739276499899755,0.07811325694603273,0.54777044,-0.019939884001524,0.7610526315789473,0.8,0.0264034255901952,0.0298318108645863,1.9074,0.3544373908227176,0.3396860986547085
base_technical_risk__risk_adjusted_sort__pred_weight__balanced_mt70,2026-01-30,300274,0.20532781044554893,0.12872944187534094,0.5910458,-0.0598067380517106,0.8677419354838709,0.6612903225806452,0.0246095334630216,0.0293249895842002,5.0212,0.1800871457646877,0.3201453371013321
base_technical_risk__risk_adjusted_sort__pred_weight__balanced_mt70,2026-01-30,002466,0.2046632391020383,0.07799375658839021,0.5891328,-0.0950226244343891,0.7870967741935484,0.903225806451613,0.0317826255576972,0.0305084234352622,5.5115,0.3699634610126521,0.5967802321228004
base_technical_risk__risk_adjusted_sort__pred_weight__balanced_mt70,2026-01-30,000408,0.1982193635919602,0.07553810280208251,0.5705838,-0.0356661355558279,0.76,0.8774193548387096,0.0295205318287859,0.0357929848993886,1.8196,0.4472972543030769,0.2882249560632688
base_technical_risk__risk_adjusted_sort__pred_weight__balanced_mt70,2026-01-30,600183,0.19689255888985363,0.07503247959671128,0.56676453,-0.0805742748315264,0.7396774193548387,0.8177419354838711,0.0316198126736225,0.0397351820137356,2.0212,0.0304201312240952,0.241025641025641
base_technical_risk__risk_adjusted_sort__pred_weight__balanced_mt70,2026-01-30,002463,0.1948970279705989,0.07427201595182895,0.5610203,-0.063480639124802,0.7270967741935483,0.5580645161290323,0.0320995593252283,0.0196437738708822,2.3861,-0.3551778186142038,-0.1698113207547169
base_technical_risk__risk_adjusted_sort__pred_weight__balanced_mt70,2026-02-02,002466,0.21521377916954523,0.1347318730032866,0.64018244,-0.0482242990654206,0.8754545454545455,0.6227272727272728,0.0322535606192091,0.0304296657227522,3.5298,-0.1454510240643005,-0.2352484472049689
base_technical_risk__risk_adjusted_sort__pred_weight__balanced_mt70,2026-02-02,000408,0.20105811301218474,0.12743846557521782,0.5980745,0.0112426035502957,0.8400000000000001,0.5727272727272728,0.0277053934022894,0.0342497400564544,1.6972,0.2648963682300247,-0.1323430114787306
base_technical_risk__risk_adjusted_sort__pred_weight__balanced_mt70,2026-02-02,000792,0.19344376705041125,0.07998566658266722,0.5754246,0.0117031105635973,0.7945454545454546,0.3454545454545454,0.0257617041132024,0.0154957300377674,1.9781,-0.1616266502786666,-0.0142617449664428
base_technical_risk__risk_adjusted_sort__pred_weight__balanced_mt70,2026-02-02,002460,0.19713608560378001,0.08151237672293132,0.5864079,-0.0443625644804716,0.7754545454545454,0.6681818181818183,0.033433224344823,0.0342597864647826,4.1595,-0.2882224298489685,-0.2506906077348066
base_technical_risk__risk_adjusted_sort__pred_weight__balanced_mt70,2026-02-02,600875,0.19314825516407902,0.0798634775063698,0.57454556,0.0698602794411177,0.7640909090909092,0.2704545454545455,0.0243458353041894,0.0115448677801017,2.5235,-0.220658494930497,0.1320281124497992
base_technical_risk__risk_adjusted_sort__pred_weight__balanced_mt70,2026-02-03,600183,0.2058746181519539,0.11493434570464575,0.5731125,0.0071295722256665,0.8457894736842105,0.7710526315789473,0.0315544149335246,0.0339120975042009,2.0114,0.0268636600332858,0.090938828917239
base_technical_risk__risk_adjusted_sort__pred_weight__balanced_mt70,2026-02-03,300661,0.20302873215249947,0.08896277877932722,0.56519014,-0.0298486547085202,0.8321052631578947,0.5763157894736842,0.0300972589304059,0.0448577113048826,3.0465,-0.4302423223446373,-0.4853442399454669
base_technical_risk__risk_adjusted_sort__pred_weight__balanced_mt70,2026-02-03,002466,0.20287936405291385,0.16459262279145165,0.56477433,-0.059264816204051,0.7710526315789473,0.618421052631579,0.0312266884396048,0.0388675107162245,2.7283,-0.3304456660449593,-0.3558149589277993
base_technical_risk__risk_adjusted_sort__pred_weight__balanced_mt70,2026-02-03,002601,0.1947379961721088,0.08532995842369745,0.54211044,0.0173326913818007,0.7436842105263157,0.4921052631578947,0.0276795471057941,0.0428020832025766,1.2192,-0.3997932358588096,-0.3989405052974734
base_technical_risk__risk_adjusted_sort__pred_weight__balanced_mt70,2026-02-03,601669,0.1934792894705239,0.09741864107464757,0.53860646,-0.007168458781362,0.6815789473684211,0.27631578947368424,0.0281882612263092,0.0085193171022287,1.5101,-0.5365915033080879,-0.4940267041461699
base_technical_risk__risk_adjusted_sort__pred_weight__balanced_mt70,2026-02-04,600183,0.2060901979263717,0.15501025707090457,0.5772365,0.0378930817610062,0.8794117647058823,0.6029411764705883,0.0317501807566029,0.0240863963085334,1.4801,-0.2336845375236221,-0.3538309766524169
base_technical_risk__risk_adjusted_sort__pred_weight__balanced_mt70,2026-02-04,688256,0.20470424686587851,0.08999651754381222,0.5733546,0.0370186950600471,0.8029411764705883,0.838235294117647,0.032982008633378,0.0380197986870914,2.8051,0.3501246594726761,-0.3212204319506343
base_technical_risk__risk_adjusted_sort__pred_weight__balanced_mt70,2026-02-04,002594,0.19635431926869165,0.08632554140631105,0.54996735,0.0268926553672315,0.8017647058823529,0.55,0.0129649436848308,0.0232761040276987,1.0797,-0.1100322290820068,0.5744274809160304
base_technical_risk__risk_adjusted_sort__pred_weight__balanced_mt70,2026-02-04,600346,0.19663746115501646,0.08645002237888566,0.5507604,-0.0080482897384305,0.7783823529411764,0.8139705882352941,0.0333351543306134,0.0427397371111279,0.7488,0.0386007739573075,-0.2307692307692307
base_technical_risk__risk_adjusted_sort__pred_weight__balanced_mt70,2026-02-04,300661,0.1962137747840416,0.13611478608405944,0.5495737,0.0096167856622468,0.7541176470588234,0.6411764705882353,0.0301175888637265,0.0418590861947835,3.0884,-0.3774667306320071,-0.1871824931613912
base_technical_risk__risk_adjusted_sort__pred_weight__balanced_mt70,2026-02-05,002463,0.20473552388065536,0.11672267274433296,0.56687576,0.066861358745773,0.8857692307692308,0.5711538461538461,0.0310751099674457,0.0223181010052384,2.243,-0.2906478096418768,-0.0421455938697318
base_technical_risk__risk_adjusted_sort__pred_weight__balanced_mt70,2026-02-05,688256,0.20302238960489352,0.15094585267831262,0.5621324,0.035902354803127,0.8361538461538461,0.626923076923077,0.0310223533588707,0.0396881235474924,1.8984,-0.1069000719786604,-0.4241285030758716
base_technical_risk__risk_adjusted_sort__pred_weight__balanced_mt70,2026-02-05,600183,0.1968062969675303,0.1775488209987963,0.54492116,0.0712237093690247,0.8057692307692308,0.3942307692307692,0.0317557086023343,0.0091424713320622,0.8925,-0.4868153225157262,-0.6065100947672024
base_technical_risk__risk_adjusted_sort__pred_weight__balanced_mt70,2026-02-05,002466,0.19890148572835584,0.1497531149351991,0.55072236,0.0641666666666667,0.7507692307692309,0.8615384615384616,0.0338072625633374,0.0399278143526829,3.906,-0.0062611146870332,0.0640584694754946
base_technical_risk__risk_adjusted_sort__pred_weight__balanced_mt70,2026-02-05,601138,0.19653430381856493,0.10598135568810262,0.54416806,0.0443396226415093,0.7288461538461538,0.5865384615384616,0.026576708400257,0.0235556158982787,0.7271,-0.2239465482645264,0.019517205957884
base_technical_risk__risk_adjusted_sort__pred_weight__balanced_mt70,2026-02-06,300274,0.20029202679563016,0.12077264651856402,0.5727552,0.0551116574472443,0.8447619047619047,0.5380952380952381,0.0260914348303669,0.0217862398489435,2.627,-0.3441959972739324,-0.0487804878048782
base_technical_risk__risk_adjusted_sort__pred_weight__balanced_mt70,2026-02-06,600346,0.20215907074575382,0.13398459187712758,0.5780942,-0.0003998400639743,0.8147619047619048,0.9261904761904761,0.0342014659257924,0.0467558740660635,0.7838,0.0562061205514157,0.2240304709141274
base_technical_risk__risk_adjusted_sort__pred_weight__balanced_mt70,2026-02-06,000408,0.20008633373485793,0.12381730005796714,0.572167,-0.0127559976594498,0.748095238095238,0.7833333333333334,0.0324567249895634,0.0487736161291463,0.9752,-0.3079810674065611,0.3047001620745544
base_technical_risk__risk_adjusted_sort__pred_weight__balanced_mt70,2026-02-06,600183,0.20003272484975698,0.19058990044146823,0.5720137,0.007906976744186,0.7261904761904762,0.6547619047619048,0.0317262408512503,0.0090072444419048,1.6785,-0.0095299914436608,0.3777683134582623
base_technical_risk__risk_adjusted_sort__pred_weight__balanced_mt70,2026-02-06,002466,0.19742984387400114,0.17740649816344517,0.5645705,-0.0051060487038491,0.6419047619047619,0.8380952380952381,0.0341678851230946,0.0364352900107013,2.921,-0.2189735156887123,0.5728245695672405
base_technical_risk__risk_adjusted_sort__pred_weight__balanced_mt70,2026-02-09,002384,0.20817926171042198,0.08296956604601899,0.5642464,0.0713048114087697,0.8442857142857143,0.7785714285714285,0.028598424621514,0.0315894104539407,4.1901,0.0637093375711448,-0.4761595848199805
base_technical_risk__risk_adjusted_sort__pred_weight__balanced_mt70,2026-02-09,000895,0.19542654490944922,0.0778072591055486,0.5296816,-0.0090157776108189,0.8321428571428572,0.30357142857142855,0.0085304059690092,0.0092346152993663,0.2507,-0.340974212034384,-0.3757649938800489
base_technical_risk__risk_adjusted_sort__pred_weight__balanced_mt70,2026-02-09,000617,0.19860164110797499,0.0790713940915005,0.53828734,-0.0189732142857142,0.8017857142857143,0.6339285714285714,0.0191501669547616,0.0072883646543285,0.4159,-0.1550697844503585,-0.0479548660084623
base_technical_risk__risk_adjusted_sort__pred_weight__balanced_mt70,2026-02-09,300274,0.20448252048064408,0.15410095335670765,0.5542268,-0.0101747978085049,0.7746428571428572,0.9482142857142858,0.0294877317523086,0.0374520741983324,4.8633,0.172778177012747,0.5106837606837602
base_technical_risk__risk_adjusted_sort__pred_weight__balanced_mt70,2026-02-09,601633,0.19331003179150968,0.07696458911594141,0.52394503,-0.0128571428571428,0.7575,0.49821428571428567,0.0103703661226514,0.0110740961181894,0.193,-0.2902585224138565,-0.2574850299401197
base_technical_risk__risk_adjusted_sort__pred_weight__balanced_mt70,2026-02-10,601939,0.20000953171179311,0.07633698240230982,0.5424258,-0.0311804008908685,0.8693939393939394,0.5015151515151516,0.0099236517415161,0.0054418651690339,1.1356,-0.0645567847640388,0.0292326431181486
base_technical_risk__risk_adjusted_sort__pred_weight__balanced_mt70,2026-02-10,601658,0.19853545340481688,0.075774375766435,0.5384281,-0.0326295585412667,0.8400000000000001,0.496969696969697,0.0107737872280485,0.0085483592870248,0.1715,-0.3184708313463676,-0.2388451443569553
base_technical_risk__risk_adjusted_sort__pred_weight__balanced_mt70,2026-02-10,002384,0.2066702624142941,0.1301820053782876,0.5604897,0.0324183006535946,0.8296969696969697,0.8515151515151516,0.0287424035702172,0.0351412242589177,3.6106,-0.0621477144623442,-0.1758937045238848
base_technical_risk__risk_adjusted_sort__pred_weight__balanced_mt70,2026-02-10,600016,0.19829083686309337,0.07568101377272878,0.5377647,-0.0176322418136019,0.8178787878787879,0.45606060606060606,0.0107306070727891,0.002408577713651,1.1047,-0.0397837405582065,-0.1861702127659572
base_technical_risk__risk_adjusted_sort__pred_weight__balanced_mt70,2026-02-10,601916,0.19649391560600257,0.07499518872625781,0.53289145,-0.0099999999999999,0.7957575757575758,0.41515151515151516,0.0072419320972212,0.0066150418352437,0.6092,-0.074628225965701,-0.0699815837937383
base_technical_risk__risk_adjusted_sort__pred_weight__balanced_mt70,2026-02-11,601236,0.203226720209579,0.08541405521082078,0.531547,0.0073710073710074,0.9048387096774193,0.4758064516129032,0.0073316144364924,0.0060266687790381,0.3318,-0.1025883753008952,0.182212581344902
base_technical_risk__risk_adjusted_sort__pred_weight__balanced_mt70,2026-02-11,600016,0.19948390941688735,0.12771407002096527,0.52175754,-0.0249999999999999,0.8825806451612903,0.42580645161290326,0.0100434102207993,0.002297862140541,0.9658,-0.1551562759694533,-0.0517241379310341
base_technical_risk__risk_adjusted_sort__pred_weight__balanced_mt70,2026-02-11,600023,0.1989192070185114,0.08360365267544667,0.52028054,0.0260521042084169,0.8483870967741935,0.1129032258064516,0.0069827804189408,0.0033086476825032,0.2612,-0.5002774110849644,-0.3355481727574746
base_technical_risk__risk_adjusted_sort__pred_weight__balanced_mt70,2026-02-11,601916,0.19897736333660007,0.1271035940403059,0.52043265,-0.0132890365448506,0.8274193548387097,0.3790322580645161,0.0071059762527713,0.00703928750735,0.4825,-0.225148546651678,-0.0740740740740737
base_technical_risk__risk_adjusted_sort__pred_weight__balanced_mt70,2026-02-11,601138,0.19939280001842224,0.09340529005135989,0.52151924,0.037037037037037,0.8235483870967741,0.5596774193548387,0.0270721520716995,0.0133214652091507,0.3781,-0.5363296339444479,-0.3956043956043955
base_technical_risk__risk_adjusted_sort__pred_weight__balanced_mt70,2026-02-12,600023,0.20207141371673118,0.129436160307424,0.5322932,0.0379241516966069,0.9251515151515152,0.37424242424242427,0.0070778023148644,0.0029800387321421,0.483,-0.0488193938439119,0.5576323987538949
base_technical_risk__risk_adjusted_sort__pred_weight__balanced_mt70,2026-02-12,002463,0.20015943611644563,0.08392145184295088,0.5272567,0.2455858747993581,0.8200000000000001,0.7484848484848485,0.0312368393361604,0.0347208662442861,2.3869,-0.1358292874546989,-0.3717171717171718
base_technical_risk__risk_adjusted_sort__pred_weight__balanced_mt70,2026-02-12,002460,0.20003389437269214,0.0780454450954567,0.526926,0.0984615384615384,0.8154545454545454,0.6196969696969697,0.0322740372811666,0.013998648658383,2.1845,-0.3725784169273144,-0.3942992874109263
base_technical_risk__risk_adjusted_sort__pred_weight__balanced_mt70,2026-02-12,600905,0.19907258703662564,0.07701669875818806,0.52439374,0.0024449877750611,0.8066666666666666,0.36060606060606065,0.004386217004196,0.0032696509438888,0.3902,0.0530576995735954,0.3387978142076511
base_technical_risk__risk_adjusted_sort__pred_weight__balanced_mt70,2026-02-12,600027,0.19866266875750552,0.07690104342960456,0.52331394,0.0121951219512195,0.7787878787878788,0.3484848484848485,0.0064210226341745,0.0032360756044722,0.7517,0.1294587853472368,0.2469437652811734
base_technical_risk__risk_adjusted_sort__pred_weight__balanced_mt70,2026-02-13,300347,0.20691708591909005,0.08190317928246416,0.5521619,-0.0427964717412609,0.8516666666666667,0.7416666666666667,0.0303518391842601,0.0241602747467559,2.1778,-0.0618915519410032,0.198024948024948
base_technical_risk__risk_adjusted_sort__pred_weight__balanced_mt70,2026-02-13,002463,0.20063469544123347,0.1301195976974017,0.53539723,0.1712612483930866,0.826,0.7033333333333334,0.0309121102707034,0.0270706686273651,2.1088,-0.2287718425652992,0.0497237569060775
base_technical_risk__risk_adjusted_sort__pred_weight__balanced_mt70,2026-02-13,688256,0.19904819667167503,0.08385475020685539,0.53116363,0.012092302818017,0.802,0.6566666666666667,0.0306524576582457,0.0256619495275903,1.6869,-0.2763781587944355,-0.0114739629302736
base_technical_risk__risk_adjusted_sort__pred_weight__balanced_mt70,2026-02-13,300999,0.19860129312915514,0.0786115716091559,0.52997106,-0.0125551408211741,0.7983333333333333,0.5083333333333333,0.0156354910805415,0.0091564406202783,2.0408,-0.0777545800457327,0.2881097560975605
base_technical_risk__risk_adjusted_sort__pred_weight__balanced_mt70,2026-02-13,002466,0.19479872883884633,0.09128417513383011,0.51982385,0.0644486692015208,0.736,0.48666666666666675,0.029328990572804,0.0087696371527073,1.6575,-0.3252842354646075,0.1886051080550097
base_technical_risk__risk_adjusted_sort__pred_weight__balanced_mt70,2026-02-24,600011,0.20183896634366083,0.0854179520267791,0.5433251,0.0523338048090523,0.8807142857142858,0.41785714285714287,0.0115065524867455,0.0055960121374592,0.5296,0.1417237959729227,0.2124060150375939
base_technical_risk__risk_adjusted_sort__pred_weight__balanced_mt70,2026-02-24,300999,0.19736013886562903,0.12885717608557348,0.53126866,-0.0105406324379463,0.855,0.3678571428571429,0.0156095043361612,0.0057604096588199,1.7391,-0.1132469916377728,0.0332369942196528
base_technical_risk__risk_adjusted_sort__pred_weight__balanced_mt70,2026-02-24,688256,0.20807534997076033,0.1364157138274106,0.56011266,0.1083435957740349,0.8471428571428571,0.7642857142857143,0.0314123653303355,0.0295084001919385,1.9571,-0.1733439211992448,0.3216494845360824
base_technical_risk__risk_adjusted_sort__pred_weight__balanced_mt70,2026-02-24,000895,0.19647523123266938,0.08909374655883404,0.5288866,0.0007581501137224,0.8203571428571428,0.18392857142857144,0.0086298987466474,0.0037006667006933,0.2265,-0.1455409687641465,0.0084925690021231
base_technical_risk__risk_adjusted_sort__pred_weight__balanced_mt70,2026-02-24,601607,0.19625031358728032,0.08303860722447483,0.52828115,0.0011614401858304,0.7828571428571428,0.19285714285714284,0.0058180904324655,0.0027450623907438,0.2616,-0.0583153347732181,0.0398230088495572
base_technical_risk__risk_adjusted_sort__pred_weight__balanced_mt70,2026-02-25,600905,0.19938178809536874,0.1069654166615767,0.55881685,0.0170316301703163,0.9064102564102564,0.21153846153846156,0.0041037704776266,0.003279411135858,0.4975,0.5218721321505049,0.1477987421383653
base_technical_risk__risk_adjusted_sort__pred_weight__balanced_mt70,2026-02-25,600958,0.20209450104233603,0.09384742653508923,0.5664199,-0.0402355250245338,0.8928205128205128,0.535897435897436,0.0081336237215524,0.0047519720940586,1.5126,1.0857406820093494,0.6539050535987756
base_technical_risk__risk_adjusted_sort__pred_weight__balanced_mt70,2026-02-25,601607,0.19795217315510713,0.1364014764808777,0.55481,-0.00635103926097,0.8484615384615385,0.2448717948717949,0.005530322480924,0.0035186354134746,0.3563,0.2652249565001241,0.3999999999999999
base_technical_risk__risk_adjusted_sort__pred_weight__balanced_mt70,2026-02-25,688256,0.2012557170192104,0.1665257237717319,0.564069,0.0245171894261059,0.847948717948718,0.632051282051282,0.0303234614432264,0.0291876557246746,1.377,-0.2991046660185379,-0.2678011643528885
base_technical_risk__risk_adjusted_sort__pred_weight__balanced_mt70,2026-02-25,002236,0.19931582068797765,0.09255707969697553,0.55863196,-0.0614173228346456,0.8053846153846154,0.5884615384615385,0.0174235863817974,0.0067552937134045,2.0642,0.2201566425299246,0.163366336633663
base_technical_risk__risk_adjusted_sort__pred_weight__balanced_mt70,2026-02-26,601607,0.19965426761126745,0.16511391090709124,0.5502134,-0.011033681765389,0.9065217391304348,0.25,0.0054593056315422,0.0040002710415538,0.3467,0.2248286582350032,0.1655405405405405
base_technical_risk__risk_adjusted_sort__pred_weight__balanced_mt70,2026-02-26,002252,0.20007503000274798,0.09082035870060765,0.55137295,-0.0111287758346581,0.8989130434782608,0.3967391304347826,0.0098046377443237,0.0056965528501426,0.3984,0.233703898677732,0.2906976744186051
base_technical_risk__risk_adjusted_sort__pred_weight__balanced_mt70,2026-02-26,002236,0.2042312900983874,0.14324952165799412,0.5628269,-0.0543933054393305,0.89,0.5499999999999999,0.0144000004591163,0.0080487264217659,2.1161,0.2292187046180656,0.3504155124653736
base_technical_risk__risk_adjusted_sort__pred_weight__balanced_mt70,2026-02-26,002179,0.199039843119547,0.09035045476480323,0.54852015,-0.0156512017887087,0.7804347826086956,0.6630434782608695,0.0160749153497422,0.0099584558054363,1.947,0.6552885064995795,0.6502192982456141
base_technical_risk__risk_adjusted_sort__pred_weight__balanced_mt70,2026-02-26,600760,0.1969995691680502,0.08942431014735695,0.5428975,0.0107469102632993,0.78,0.44782608695652176,0.01691251952538,0.0090167289056534,0.5627,-0.1478890302259374,-0.1242937853107344
base_technical_risk__risk_adjusted_sort__pred_weight__balanced_mt70,2026-02-27,601456,0.20362957145054694,0.07184107868727443,0.5725456,-0.0307692307692307,0.9231111111111111,0.3844444444444445,0.0077627489361784,0.004590876984099,0.7516,0.3257134793805341,0.0937499999999995
base_technical_risk__risk_adjusted_sort__pred_weight__balanced_mt70,2026-02-27,600050,0.20312963576035756,0.07166469998647165,0.57113993,0.012295081967213,0.8717777777777778,0.53,0.0143531209004895,0.0075428423548018,0.5254,0.0794042116076012,-0.0375586854460093
base_technical_risk__risk_adjusted_sort__pred_weight__balanced_mt70,2026-02-27,600018,0.19893451426090858,0.0701846494633688,0.5593445,0.0039525691699604,0.8597777777777778,0.4788888888888889,0.0085207084520784,0.0083667647097902,0.3919,0.6456706139245822,-0.2192429022082018
base_technical_risk__risk_adjusted_sort__pred_weight__balanced_mt70,2026-02-27,601916,0.1969468424821917,0.07462493661670089,0.55375576,0.0067114093959729,0.8553333333333333,0.27888888888888885,0.0067702426081372,0.0030153586813103,0.6649,0.2906669772497865,-0.00197628458498
base_technical_risk__risk_adjusted_sort__pred_weight__balanced_mt70,2026-02-27,601238,0.19735943604599526,0.06962895749205962,0.55491585,-0.0213836477987421,0.8315555555555556,0.508888888888889,0.0122192991353297,0.0125844047113317,0.2371,-0.0512584530430955,-0.0432960893854748
